loc,dow,hr,traffic
AE,0,0,0.27083370063694273
AE,0,1,0.2398696751592356
AE,0,2,0.23348310191082797
AE,0,3,0.25106143949044607
AE,0,4,0.28463403821656064
AE,0,5,0.33486294904458597
AE,0,6,0.39350924840764356
AE,0,7,0.45688097452229304
AE,0,8,0.5047946624203823
AE,0,9,0.5610965796178341
AE,0,10,0.613176560509554
AE,0,11,0.621935770700637
AE,0,12,0.5990861528662421
AE,0,13,0.606428789808917
AE,0,14,0.6211237070063694
AE,0,15,0.648786433121019
AE,0,16,0.6892167006369423
AE,0,17,0.7122001401273883
AE,0,18,0.6945938917197448
AE,0,19,0.6563454713375798
AE,0,20,0.5864771019108281
AE,0,21,0.4779810254777073
AE,0,22,0.36665468789808914
AE,0,23,0.28900928662420383
AE,1,0,0.24169501273885355
AE,1,1,0.22361520382165614
AE,1,2,0.2313269426751593
AE,1,3,0.2513377515923568
AE,1,4,0.286269515923567
AE,1,5,0.32675364331210177
AE,1,6,0.3631451082802547
AE,1,7,0.3991282292993629
AE,1,8,0.42249216560509545
AE,1,9,0.45307929299363037
AE,1,10,0.48031748407643304
AE,1,11,0.49338719745222953
AE,1,12,0.4956189681528663
AE,1,13,0.4942842866242039
AE,1,14,0.5035097961783442
AE,1,15,0.5493419171974523
AE,1,16,0.6043071974522294
AE,1,17,0.6533140828025473
AE,1,18,0.6594473949044586
AE,1,19,0.6187578343949044
AE,1,20,0.5387458471337581
AE,1,21,0.439449280254777
AE,1,22,0.3444006305732486
AE,1,23,0.2762003184713375
AE,2,0,0.23134024840764336
AE,2,1,0.21828694904458598
AE,2,2,0.22772798726114665
AE,2,3,0.24895829936305722
AE,2,4,0.2863521592356687
AE,2,5,0.32540661146496824
AE,2,6,0.3632807898089172
AE,2,7,0.39715745512820533
AE,2,8,0.4365914551282049
AE,2,9,0.4702771794871796
AE,2,10,0.4965087628205127
AE,2,11,0.5045107564102566
AE,2,12,0.5101255833333332
AE,2,13,0.5060213461538462
AE,2,14,0.5169342243589744
AE,2,15,0.5600606474358975
AE,2,16,0.6213939102564106
AE,2,17,0.6647978461538461
AE,2,18,0.6720478910256409
AE,2,19,0.6465379102564106
AE,2,20,0.5758971474358975
AE,2,21,0.45458046794871787
AE,2,22,0.34695424999999996
AE,2,23,0.27536455769230794
AE,3,0,0.23454970512820522
AE,3,1,0.22283157692307695
AE,3,2,0.23136031410256414
AE,3,3,0.25434172435897434
AE,3,4,0.29153846794871785
AE,3,5,0.3306464102564103
AE,3,6,0.3638709487179486
AE,3,7,0.3961554038461539
AE,3,8,0.42520277564102554
AE,3,9,0.45842154487179443
AE,3,10,0.48149571153846144
AE,3,11,0.4961148397435896
AE,3,12,0.5054550320512821
AE,3,13,0.5024443525641026
AE,3,14,0.5141415705128205
AE,3,15,0.5539169487179486
AE,3,16,0.6062977756410257
AE,3,17,0.6521594038461538
AE,3,18,0.6616316346153847
AE,3,19,0.6375525769230768
AE,3,20,0.5705125641025638
AE,3,21,0.4592380769230768
AE,3,22,0.3513280833333333
AE,3,23,0.27932577564102573
AE,4,0,0.2346613717948719
AE,4,1,0.2204267243589743
AE,4,2,0.2294792051282051
AE,4,3,0.2515289230769232
AE,4,4,0.2897641153846153
AE,4,5,0.33020863461538463
AE,4,6,0.3645447435897437
AE,4,7,0.3996183141025642
AE,4,8,0.43122951282051286
AE,4,9,0.46130041025641016
AE,4,10,0.48934412820512807
AE,4,11,0.5044055256410257
AE,4,12,0.5038461794871796
AE,4,13,0.5015680192307694
AE,4,14,0.5089314807692309
AE,4,15,0.5554211987179485
AE,4,16,0.6036134999999998
AE,4,17,0.6520744230769231
AE,4,18,0.662413096153846
AE,4,19,0.6338485897435903
AE,4,20,0.5623067564102566
AE,4,21,0.4645203269230774
AE,4,22,0.36865550641025646
AE,4,23,0.29632189102564105
AE,5,0,0.2491787564102563
AE,5,1,0.23099767948717956
AE,5,2,0.23816747435897442
AE,5,3,0.26103922435897436
AE,5,4,0.300042532051282
AE,5,5,0.34221778205128217
AE,5,6,0.38851808974358987
AE,5,7,0.4323833782051283
AE,5,8,0.45558360509554147
AE,5,9,0.4807519745222932
AE,5,10,0.559741687898089
AE,5,11,0.5581417006369428
AE,5,12,0.5293931146496814
AE,5,13,0.5170517452229302
AE,5,14,0.5216206114649682
AE,5,15,0.5606622356687898
AE,5,16,0.6056252420382167
AE,5,17,0.6479246369426755
AE,5,18,0.6737550063694266
AE,5,19,0.6620952229299365
AE,5,20,0.5920596050955409
AE,5,21,0.493184121019108
AE,5,22,0.39490246496815296
AE,5,23,0.31425549044586
AE,6,0,0.25995526114649686
AE,6,1,0.23366457961783438
AE,6,2,0.23009143949044594
AE,6,3,0.24502134394904457
AE,6,4,0.2787706178343948
AE,6,5,0.3287969617834395
AE,6,6,0.3846102993630573
AE,6,7,0.43805508280254785
AE,6,8,0.4793962038216562
AE,6,9,0.5212180955414014
AE,6,10,0.5590188662420382
AE,6,11,0.5673600254777069
AE,6,12,0.5639139936305734
AE,6,13,0.5633349108280259
AE,6,14,0.5715482038216558
AE,6,15,0.6009953566878978
AE,6,16,0.6382252292993632
AE,6,17,0.6768971019108284
AE,6,18,0.7011488980891722
AE,6,19,0.6944816878980891
AE,6,20,0.6422702929936307
AE,6,21,0.5464068152866239
AE,6,22,0.4329316942675158
AE,6,23,0.34055141401273886
AU,0,0,0.4849210445859873
AU,0,1,0.5157362420382164
AU,0,2,0.5438756305732486
AU,0,3,0.5781580891719745
AU,0,4,0.6068520636942676
AU,0,5,0.614926949044586
AU,0,6,0.6118317770700634
AU,0,7,0.6091928089171974
AU,0,8,0.6161629108280253
AU,0,9,0.6566886496815286
AU,0,10,0.6932214522292994
AU,0,11,0.6867783949044589
AU,0,12,0.6127161401273885
AU,0,13,0.5019886433121019
AU,0,14,0.390716815286624
AU,0,15,0.3000377579617835
AU,0,16,0.24256901910828021
AU,0,17,0.20011236305732485
AU,0,18,0.1857162356687898
AU,0,19,0.20917160509554142
AU,0,20,0.26651108280254776
AU,0,21,0.33584002547770725
AU,0,22,0.4045657261146497
AU,0,23,0.4686029808917198
AU,1,0,0.503489280254777
AU,1,1,0.521790949044586
AU,1,2,0.5368727070063697
AU,1,3,0.5552006687898089
AU,1,4,0.5701644012738855
AU,1,5,0.5846064267515925
AU,1,6,0.5996832611464967
AU,1,7,0.5958059936305731
AU,1,8,0.6122829936305735
AU,1,9,0.6624227261146497
AU,1,10,0.7041480000000001
AU,1,11,0.6961394649681525
AU,1,12,0.6105805477707006
AU,1,13,0.48708747133757946
AU,1,14,0.37242898726114637
AU,1,15,0.2863930573248407
AU,1,16,0.2326720191082803
AU,1,17,0.19786226751592356
AU,1,18,0.18828005732484077
AU,1,19,0.21819527388535043
AU,1,20,0.27937987261146485
AU,1,21,0.34496464968152846
AU,1,22,0.41322156687898093
AU,1,23,0.4729309872611463
AU,2,0,0.5032782738853502
AU,2,1,0.5197117643312104
AU,2,2,0.5322258152866242
AU,2,3,0.5486113694267516
AU,2,4,0.5645860573248408
AU,2,5,0.5762502929936304
AU,2,6,0.595153095541401
AU,2,7,0.5924633076923081
AU,2,8,0.6392777179487181
AU,2,9,0.6923417435897432
AU,2,10,0.7269176794871796
AU,2,11,0.7127911089743594
AU,2,12,0.6272078269230767
AU,2,13,0.49716208333333345
AU,2,14,0.379935807692308
AU,2,15,0.2890845641025641
AU,2,16,0.23837877564102555
AU,2,17,0.20317266666666667
AU,2,18,0.19440810256410268
AU,2,19,0.2257159487179487
AU,2,20,0.29016017948717965
AU,2,21,0.35676950000000024
AU,2,22,0.4237060769230769
AU,2,23,0.4817874166666667
AU,3,0,0.5110127884615385
AU,3,1,0.5253475897435896
AU,3,2,0.5367630576923075
AU,3,3,0.5558403782051282
AU,3,4,0.5697241089743584
AU,3,5,0.5859506474358971
AU,3,6,0.5992858717948719
AU,3,7,0.5939846025641026
AU,3,8,0.6161935128205126
AU,3,9,0.6653801794871793
AU,3,10,0.7048902179487178
AU,3,11,0.7014837115384619
AU,3,12,0.6264020384615383
AU,3,13,0.5015103333333334
AU,3,14,0.38499877564102597
AU,3,15,0.29604157692307703
AU,3,16,0.24361746794871786
AU,3,17,0.20774868589743606
AU,3,18,0.19685898076923072
AU,3,19,0.22707415384615381
AU,3,20,0.2911029935897436
AU,3,21,0.3585631153846155
AU,3,22,0.42412271153846165
AU,3,23,0.48274338461538474
AU,4,0,0.5126064102564103
AU,4,1,0.5238213717948721
AU,4,2,0.5345697884615388
AU,4,3,0.5510669166666669
AU,4,4,0.5650266474358973
AU,4,5,0.5802814679487178
AU,4,6,0.5943459230769229
AU,4,7,0.5902503717948717
AU,4,8,0.6136189743589746
AU,4,9,0.6615682692307691
AU,4,10,0.7031788974358972
AU,4,11,0.7063050128205123
AU,4,12,0.6284610192307691
AU,4,13,0.5057700961538465
AU,4,14,0.3880643397435898
AU,4,15,0.29959375000000016
AU,4,16,0.2447122115384616
AU,4,17,0.2101483333333334
AU,4,18,0.19945953205128206
AU,4,19,0.23221812179487172
AU,4,20,0.2951671794871795
AU,4,21,0.36117654487179496
AU,4,22,0.4256538397435898
AU,4,23,0.4798678653846154
AU,5,0,0.510745185897436
AU,5,1,0.5213454038461538
AU,5,2,0.5320371858974359
AU,5,3,0.5517313846153845
AU,5,4,0.5668830192307689
AU,5,5,0.5762740705128202
AU,5,6,0.5962232884615385
AU,5,7,0.5925563205128205
AU,5,8,0.6059628152866241
AU,5,9,0.6352823885350318
AU,5,10,0.6661254394904459
AU,5,11,0.6740198089171975
AU,5,12,0.6234301273885349
AU,5,13,0.5277970063694263
AU,5,14,0.4200250509554139
AU,5,15,0.3312655732484076
AU,5,16,0.26891176433121033
AU,5,17,0.2226768280254778
AU,5,18,0.19965269426751592
AU,5,19,0.2182155350318471
AU,5,20,0.27602889171974515
AU,5,21,0.3480976114649682
AU,5,22,0.40398429936305746
AU,5,23,0.4472320382165605
AU,6,0,0.4825433184713375
AU,6,1,0.500815515923567
AU,6,2,0.5180802675159234
AU,6,3,0.5405291656050953
AU,6,4,0.5587271783439491
AU,6,5,0.5742816878980891
AU,6,6,0.5831591082802545
AU,6,7,0.5737185350318476
AU,6,8,0.5761067515923567
AU,6,9,0.6064550700636937
AU,6,10,0.640242121019108
AU,6,11,0.6464613121019107
AU,6,12,0.6070683312101912
AU,6,13,0.5240411146496815
AU,6,14,0.43138911464968155
AU,6,15,0.3384086496815286
AU,6,16,0.2754907197452229
AU,6,17,0.22262049044585988
AU,6,18,0.1963116815286625
AU,6,19,0.2056333057324841
AU,6,20,0.2540533949044586
AU,6,21,0.3270515796178347
AU,6,22,0.3914020000000001
AU,6,23,0.4409258598726117
BR,0,0,0.7854921592356687
BR,0,1,0.7778269108280256
BR,0,2,0.6800501401273883
BR,0,3,0.5602799872611461
BR,0,4,0.4220774713375797
BR,0,5,0.3048581146496814
BR,0,6,0.21814799363057327
BR,0,7,0.1645545987261146
BR,0,8,0.14351331847133755
BR,0,9,0.16367351592356688
BR,0,10,0.2182249617834395
BR,0,11,0.2954657261146498
BR,0,12,0.37477930573248414
BR,0,13,0.4488743375796179
BR,0,14,0.5139625159235668
BR,0,15,0.5650557324840761
BR,0,16,0.6125855923566879
BR,0,17,0.6524910445859874
BR,0,18,0.6767472675159235
BR,0,19,0.7254024140127389
BR,0,20,0.7384276114649685
BR,0,21,0.7490809171974524
BR,0,22,0.7908891910828028
BR,0,23,0.8341607961783438
BR,1,0,0.8398386496815287
BR,1,1,0.78290421656051
BR,1,2,0.6421958280254778
BR,1,3,0.49303522292993623
BR,1,4,0.3452342484076432
BR,1,5,0.2436583949044585
BR,1,6,0.17794539490445857
BR,1,7,0.14185981528662422
BR,1,8,0.14451835031847135
BR,1,9,0.19295346496815283
BR,1,10,0.2570605796178343
BR,1,11,0.32882266242038216
BR,1,12,0.3840807898089174
BR,1,13,0.42957826751592365
BR,1,14,0.46611643312101897
BR,1,15,0.5130738152866241
BR,1,16,0.5565338025477703
BR,1,17,0.5790522738853503
BR,1,18,0.5851541974522295
BR,1,19,0.5832575031847137
BR,1,20,0.5937766624203819
BR,1,21,0.6435709108280256
BR,1,22,0.7295613248407642
BR,1,23,0.817534089171975
BR,2,0,0.8518185859872609
BR,2,1,0.7883137515923563
BR,2,2,0.6496234076433122
BR,2,3,0.4842949554140129
BR,2,4,0.33449610828025467
BR,2,5,0.23407640764331197
BR,2,6,0.17363514649681522
BR,2,7,0.14081157692307694
BR,2,8,0.15014155769230764
BR,2,9,0.2018074743589743
BR,2,10,0.2655594358974358
BR,2,11,0.3339730064102564
BR,2,12,0.3865613782051282
BR,2,13,0.42721987179487175
BR,2,14,0.4639719358974358
BR,2,15,0.5064587820512823
BR,2,16,0.556600705128205
BR,2,17,0.5832817564102561
BR,2,18,0.5835727692307692
BR,2,19,0.5872045705128206
BR,2,20,0.603608878205128
BR,2,21,0.6467629230769228
BR,2,22,0.7297813653846157
BR,2,23,0.808753826923077
BR,3,0,0.8516834230769229
BR,3,1,0.8150151025641021
BR,3,2,0.675650230769231
BR,3,3,0.4943730320512819
BR,3,4,0.33892844871794875
BR,3,5,0.23798227564102561
BR,3,6,0.17379110897435887
BR,3,7,0.1401763846153846
BR,3,8,0.14951147435897427
BR,3,9,0.20257673076923077
BR,3,10,0.26496546153846173
BR,3,11,0.3332979487179487
BR,3,12,0.38779546153846145
BR,3,13,0.4278901794871793
BR,3,14,0.46599646153846197
BR,3,15,0.5091149871794872
BR,3,16,0.5509742115384616
BR,3,17,0.5763782371794871
BR,3,18,0.5757522692307692
BR,3,19,0.5783848846153846
BR,3,20,0.5945295192307697
BR,3,21,0.637698217948718
BR,3,22,0.7393016153846154
BR,3,23,0.8320893525641025
BR,4,0,0.8702016217948718
BR,4,1,0.8198286282051281
BR,4,2,0.6770221217948714
BR,4,3,0.48859618589743586
BR,4,4,0.337801967948718
BR,4,5,0.237902012820513
BR,4,6,0.17344078846153846
BR,4,7,0.14029080128205135
BR,4,8,0.1483748333333334
BR,4,9,0.19807937820512825
BR,4,10,0.2603628012820513
BR,4,11,0.3297030833333335
BR,4,12,0.3808114871794871
BR,4,13,0.42276104487179494
BR,4,14,0.4547279679487177
BR,4,15,0.5022113012820513
BR,4,16,0.5414496217948719
BR,4,17,0.5645171666666667
BR,4,18,0.5651774230769231
BR,4,19,0.5662375961538461
BR,4,20,0.5776515576923078
BR,4,21,0.6289104358974359
BR,4,22,0.7265493012820515
BR,4,23,0.8124840128205124
BR,5,0,0.856976967948718
BR,5,1,0.8099015705128207
BR,5,2,0.6719660384615384
BR,5,3,0.4963748012820515
BR,5,4,0.3442324038461537
BR,5,5,0.24169657051282045
BR,5,6,0.1797787307692306
BR,5,7,0.14639723076923084
BR,5,8,0.15120773885350322
BR,5,9,0.19759098726114652
BR,5,10,0.25822947133757945
BR,5,11,0.3265463375796179
BR,5,12,0.37855449044585987
BR,5,13,0.4200785222929936
BR,5,14,0.4527856815286621
BR,5,15,0.49787454777070034
BR,5,16,0.5379408598726116
BR,5,17,0.5574891146496812
BR,5,18,0.5569937261146497
BR,5,19,0.5550930254777069
BR,5,20,0.5591615923566876
BR,5,21,0.6039682038216563
BR,5,22,0.6677191146496815
BR,5,23,0.7282040955414012
BR,6,0,0.7685722292993633
BR,6,1,0.7522939617834397
BR,6,2,0.6604986751592358
BR,6,3,0.5293566178343948
BR,6,4,0.3869282292993631
BR,6,5,0.27840171974522293
BR,6,6,0.2031190573248408
BR,6,7,0.15813985987261145
BR,6,8,0.1473988789808917
BR,6,9,0.17825612101910834
BR,6,10,0.23713763694267512
BR,6,11,0.3063182420382166
BR,6,12,0.3715583949044586
BR,6,13,0.42797515286624194
BR,6,14,0.4785919044585983
BR,6,15,0.5299050254777073
BR,6,16,0.5793855796178343
BR,6,17,0.6083546178343949
BR,6,18,0.6197768535031846
BR,6,19,0.639300165605096
BR,6,20,0.6517362484076433
BR,6,21,0.6770039235668793
BR,6,22,0.7151359999999997
BR,6,23,0.7504208216560507
CA,0,0,0.7345632993630573
CA,0,1,0.780359668789809
CA,0,2,0.7952680318471337
CA,0,3,0.7653932611464969
CA,0,4,0.7040288152866239
CA,0,5,0.6016865031847134
CA,0,6,0.4916175222929936
CA,0,7,0.400555643312102
CA,0,8,0.32706911464968147
CA,0,9,0.2790377770700637
CA,0,10,0.2638799681528664
CA,0,11,0.2861065477707005
CA,0,12,0.33533557324840757
CA,0,13,0.3981075286624202
CA,0,14,0.4553574585987262
CA,0,15,0.4994622738853502
CA,0,16,0.5379879681528663
CA,0,17,0.5735409999999997
CA,0,18,0.6048600127388533
CA,0,19,0.6365007834394905
CA,0,20,0.6644498152866243
CA,0,21,0.6789026242038214
CA,0,22,0.6896302866242039
CA,0,23,0.7223836815286627
CA,1,0,0.773638770700637
CA,1,1,0.8042428789808921
CA,1,2,0.7982295987261147
CA,1,3,0.7360035859872617
CA,1,4,0.6426246305732481
CA,1,5,0.5395374394904459
CA,1,6,0.4438260127388536
CA,1,7,0.36114521019108276
CA,1,8,0.2987908789808918
CA,1,9,0.2682390127388534
CA,1,10,0.27026670700636934
CA,1,11,0.30238050955414014
CA,1,12,0.3511420127388533
CA,1,13,0.40668809554140123
CA,1,14,0.4509050636942678
CA,1,15,0.48359523566878965
CA,1,16,0.5109613312101912
CA,1,17,0.537351280254777
CA,1,18,0.560931
CA,1,19,0.5841292229299365
CA,1,20,0.6140107006369432
CA,1,21,0.6318610573248409
CA,1,22,0.6532260445859873
CA,1,23,0.6964838471337582
CA,2,0,0.7619367324840766
CA,2,1,0.8059290891719745
CA,2,2,0.8035180382165601
CA,2,3,0.736090331210191
CA,2,4,0.6406956815286626
CA,2,5,0.5311437133757959
CA,2,6,0.4376210955414012
CA,2,7,0.35502426923076913
CA,2,8,0.3117542564102563
CA,2,9,0.2808414551282052
CA,2,10,0.2793281602564102
CA,2,11,0.31128708974358976
CA,2,12,0.36104071153846146
CA,2,13,0.4106073333333333
CA,2,14,0.4514749102564102
CA,2,15,0.47638445512820493
CA,2,16,0.5077431410256411
CA,2,17,0.5355659743589744
CA,2,18,0.554263878205128
CA,2,19,0.5784905064102566
CA,2,20,0.6153638076923079
CA,2,21,0.6310249551282052
CA,2,22,0.649456467948718
CA,2,23,0.6978589423076925
CA,3,0,0.7688495128205127
CA,3,1,0.8151837756410254
CA,3,2,0.8115330897435898
CA,3,3,0.7438510961538457
CA,3,4,0.6473176858974362
CA,3,5,0.5385989551282052
CA,3,6,0.4351672243589745
CA,3,7,0.35301280769230775
CA,3,8,0.2990426089743589
CA,3,9,0.2735100833333335
CA,3,10,0.2791437756410256
CA,3,11,0.31252032051282036
CA,3,12,0.3628700769230768
CA,3,13,0.4111512307692308
CA,3,14,0.4530460833333332
CA,3,15,0.4787450320512821
CA,3,16,0.5055475256410253
CA,3,17,0.5311438782051282
CA,3,18,0.5500725256410256
CA,3,19,0.5758481923076925
CA,3,20,0.6106573397435896
CA,3,21,0.626068365384615
CA,3,22,0.6420961858974358
CA,3,23,0.6892059166666665
CA,4,0,0.7575595705128205
CA,4,1,0.7975649423076921
CA,4,2,0.7912947243589741
CA,4,3,0.7293644294871792
CA,4,4,0.6355642756410257
CA,4,5,0.5317108205128204
CA,4,6,0.4317717948717949
CA,4,7,0.35293312179487174
CA,4,8,0.2991078333333335
CA,4,9,0.27237048076923065
CA,4,10,0.2795830512820512
CA,4,11,0.313948717948718
CA,4,12,0.36009162179487175
CA,4,13,0.4103841538461539
CA,4,14,0.4482740448717946
CA,4,15,0.4765973461538461
CA,4,16,0.49888612820512807
CA,4,17,0.5240491474358974
CA,4,18,0.5445491858974355
CA,4,19,0.5708160256410257
CA,4,20,0.6008444230769231
CA,4,21,0.6197066282051283
CA,4,22,0.637602653846154
CA,4,23,0.6793841987179486
CA,5,0,0.7510006602564105
CA,5,1,0.7968184038461539
CA,5,2,0.7991325384615384
CA,5,3,0.742757826923077
CA,5,4,0.6534748717948721
CA,5,5,0.5429073846153848
CA,5,6,0.4476070256410256
CA,5,7,0.3719252820512819
CA,5,8,0.3104031719745222
CA,5,9,0.27579820382165604
CA,5,10,0.27767967515923586
CA,5,11,0.3130559745222929
CA,5,12,0.36319946496815286
CA,5,13,0.414707286624204
CA,5,14,0.45369835031847144
CA,5,15,0.4838252165605095
CA,5,16,0.5080512229299367
CA,5,17,0.5291641337579618
CA,5,18,0.5505467133757962
CA,5,19,0.5767697707006365
CA,5,20,0.599921070063694
CA,5,21,0.6140206178343947
CA,5,22,0.6247426433121018
CA,5,23,0.6514351337579618
CA,6,0,0.7081328471337577
CA,6,1,0.74921825477707
CA,6,2,0.7566031019108279
CA,6,3,0.7242003312101911
CA,6,4,0.6569651910828026
CA,6,5,0.5665646369426757
CA,6,6,0.47678435031847144
CA,6,7,0.3911949235668789
CA,6,8,0.32142137579617835
CA,6,9,0.28001021019108296
CA,6,10,0.2707002420382165
CA,6,11,0.29785509554140116
CA,6,12,0.35132751592356676
CA,6,13,0.40807580891719775
CA,6,14,0.45931670700636973
CA,6,15,0.49900280254777063
CA,6,16,0.5320531783439487
CA,6,17,0.5590973885350319
CA,6,18,0.5849158280254776
CA,6,19,0.6076995859872613
CA,6,20,0.625550949044586
CA,6,21,0.6407965605095542
CA,6,22,0.6500943375796178
CA,6,23,0.6757041401273887
DE,0,0,0.46469237579617845
DE,0,1,0.37981902547770696
DE,0,2,0.32985501910828025
DE,0,3,0.3164602866242039
DE,0,4,0.3326266305732485
DE,0,5,0.3840873566878981
DE,0,6,0.46360489808917205
DE,0,7,0.5449090509554139
DE,0,8,0.6116488089171974
DE,0,9,0.6678568535031847
DE,0,10,0.7077986242038214
DE,0,11,0.734519566878981
DE,0,12,0.7498674904458599
DE,0,13,0.756040070063694
DE,0,14,0.7636304267515925
DE,0,15,0.7704805987261147
DE,0,16,0.7838838025477706
DE,0,17,0.7990682738853502
DE,0,18,0.8285002929936304
DE,0,19,0.8503656560509553
DE,0,20,0.8426249426751594
DE,0,21,0.7662218471337583
DE,0,22,0.631050458598726
DE,0,23,0.4977189745222929
DE,1,0,0.4006537133757962
DE,1,1,0.33041835031847144
DE,1,2,0.3026891146496817
DE,1,3,0.31209354140127393
DE,1,4,0.3584998280254777
DE,1,5,0.4291155477707006
DE,1,6,0.5066696050955415
DE,1,7,0.5672508152866241
DE,1,8,0.6093719808917197
DE,1,9,0.6412570191082801
DE,1,10,0.6607300191082802
DE,1,11,0.6747800127388537
DE,1,12,0.6911241592356691
DE,1,13,0.704145847133758
DE,1,14,0.7195364394904462
DE,1,15,0.735251770700637
DE,1,16,0.7495622866242041
DE,1,17,0.7760079490445859
DE,1,18,0.82157123566879
DE,1,19,0.8483786433121018
DE,1,20,0.8443779426751591
DE,1,21,0.7615802165605093
DE,1,22,0.6263618025477705
DE,1,23,0.4893729554140128
DE,2,0,0.39449640127388524
DE,2,1,0.33057101273885353
DE,2,2,0.30496231210191077
DE,2,3,0.31688838216560505
DE,2,4,0.3660992993630573
DE,2,5,0.4341419872611465
DE,2,6,0.5102822675159235
DE,2,7,0.5669479615384616
DE,2,8,0.6132759551282052
DE,2,9,0.643814487179487
DE,2,10,0.6616944294871794
DE,2,11,0.6754331538461538
DE,2,12,0.6959407500000001
DE,2,13,0.7059936666666666
DE,2,14,0.723261532051282
DE,2,15,0.7310636410256409
DE,2,16,0.7489199102564104
DE,2,17,0.7740803525641027
DE,2,18,0.8180274871794874
DE,2,19,0.84731566025641
DE,2,20,0.8483609807692307
DE,2,21,0.7626776602564104
DE,2,22,0.6216727564102564
DE,2,23,0.4837921987179489
DE,3,0,0.3916623397435897
DE,3,1,0.3301027115384616
DE,3,2,0.3066610448717949
DE,3,3,0.32012364102564095
DE,3,4,0.3696641794871795
DE,3,5,0.4410537628205128
DE,3,6,0.5120978653846154
DE,3,7,0.5683459743589744
DE,3,8,0.6138759743589743
DE,3,9,0.6472703717948716
DE,3,10,0.6656164166666667
DE,3,11,0.6785195320512823
DE,3,12,0.6998842756410258
DE,3,13,0.7106360064102565
DE,3,14,0.7297699038461539
DE,3,15,0.7410038397435897
DE,3,16,0.7534190320512822
DE,3,17,0.7793775128205127
DE,3,18,0.8182099230769231
DE,3,19,0.8500388076923076
DE,3,20,0.845180608974359
DE,3,21,0.7660891923076922
DE,3,22,0.6286006217948716
DE,3,23,0.49260843589743586
DE,4,0,0.3986627307692307
DE,4,1,0.332695891025641
DE,4,2,0.3056332948717948
DE,4,3,0.3159501923076922
DE,4,4,0.3644090256410256
DE,4,5,0.4402101923076924
DE,4,6,0.5142696217948719
DE,4,7,0.5728945384615385
DE,4,8,0.6161327628205129
DE,4,9,0.6438235897435899
DE,4,10,0.6620067564102564
DE,4,11,0.676860782051282
DE,4,12,0.6902933461538459
DE,4,13,0.7017988525641027
DE,4,14,0.7138236794871795
DE,4,15,0.7319062692307688
DE,4,16,0.7416669230769231
DE,4,17,0.7679036474358971
DE,4,18,0.8092890961538464
DE,4,19,0.8423864423076923
DE,4,20,0.8422738782051281
DE,4,21,0.775096628205128
DE,4,22,0.6504854871794872
DE,4,23,0.515185141025641
DE,5,0,0.4167527564102565
DE,5,1,0.3455931666666666
DE,5,2,0.3134570705128205
DE,5,3,0.31951315384615386
DE,5,4,0.3647107500000001
DE,5,5,0.43827346794871813
DE,5,6,0.5223343974358974
DE,5,7,0.5822041025641025
DE,5,8,0.627559898089172
DE,5,9,0.6474225987261146
DE,5,10,0.6648252866242038
DE,5,11,0.6846236050955415
DE,5,12,0.7056908980891723
DE,5,13,0.7163553694267513
DE,5,14,0.7206058089171975
DE,5,15,0.724445993630573
DE,5,16,0.7263146242038215
DE,5,17,0.7399953630573248
DE,5,18,0.7802063821656052
DE,5,19,0.8140664012738853
DE,5,20,0.8207373949044589
DE,5,21,0.7774762611464969
DE,5,22,0.6780505031847132
DE,5,23,0.5496961464968154
DE,6,0,0.4486407324840765
DE,6,1,0.3658665732484077
DE,6,2,0.32076966878980895
DE,6,3,0.3155857579617835
DE,6,4,0.3414324904458599
DE,6,5,0.3986718216560509
DE,6,6,0.4761351783439488
DE,6,7,0.5405198152866241
DE,6,8,0.5918688980891718
DE,6,9,0.6307805222929936
DE,6,10,0.6600672038216561
DE,6,11,0.6786672675159234
DE,6,12,0.6931139745222931
DE,6,13,0.6972654585987257
DE,6,14,0.7072910509554141
DE,6,15,0.7106378343949042
DE,6,16,0.7152500254777071
DE,6,17,0.7290642929936307
DE,6,18,0.7606787197452229
DE,6,19,0.7890538407643309
DE,6,20,0.8009428089171978
DE,6,21,0.7684261273885351
DE,6,22,0.6815380063694265
DE,6,23,0.566327592356688
ES,0,0,0.3523682165605095
ES,0,1,0.266605643312102
ES,0,2,0.19874708917197448
ES,0,3,0.16059257324840762
ES,0,4,0.14541453503184715
ES,0,5,0.16165426751592352
ES,0,6,0.19996084713375797
ES,0,7,0.2682967261146497
ES,0,8,0.3395182611464968
ES,0,9,0.39876568152866254
ES,0,10,0.4458615350318473
ES,0,11,0.47679546496815295
ES,0,12,0.5010232802547766
ES,0,13,0.5417555095541402
ES,0,14,0.5951569745222931
ES,0,15,0.6282829426751595
ES,0,16,0.6374280191082801
ES,0,17,0.6437482611464969
ES,0,18,0.6536475541401273
ES,0,19,0.6829443885350316
ES,0,20,0.7319929363057326
ES,0,21,0.6871334649681525
ES,0,22,0.5473314394904458
ES,0,23,0.411474312101911
ES,1,0,0.29933882165605097
ES,1,1,0.21815716560509552
ES,1,2,0.1644010828025477
ES,1,3,0.1377400382165605
ES,1,4,0.141777127388535
ES,1,5,0.18378652229299366
ES,1,6,0.24255356050955423
ES,1,7,0.302246076433121
ES,1,8,0.34837142038216545
ES,1,9,0.37943164331210194
ES,1,10,0.40375355414012726
ES,1,11,0.41677419108280256
ES,1,12,0.41789587898089176
ES,1,13,0.450989178343949
ES,1,14,0.49644739490445855
ES,1,15,0.5102929936305731
ES,1,16,0.5068362229299365
ES,1,17,0.5139391656050956
ES,1,18,0.5320102420382165
ES,1,19,0.5676886496815284
ES,1,20,0.6272658089171977
ES,1,21,0.6198075541401271
ES,1,22,0.5239656878980892
ES,1,23,0.3902177070063694
ES,2,0,0.2798144267515925
ES,2,1,0.20579448407643308
ES,2,2,0.1572358407643313
ES,2,3,0.13391626751592356
ES,2,4,0.1419404585987262
ES,2,5,0.1869216369426752
ES,2,6,0.2462647515923567
ES,2,7,0.30131028846153857
ES,2,8,0.3549100320512822
ES,2,9,0.38488226282051274
ES,2,10,0.4067028333333332
ES,2,11,0.41860547435897455
ES,2,12,0.4217370448717949
ES,2,13,0.45597642948717937
ES,2,14,0.5041253012820511
ES,2,15,0.511421217948718
ES,2,16,0.5116867500000001
ES,2,17,0.527900294871795
ES,2,18,0.5552183525641026
ES,2,19,0.6182981794871796
ES,2,20,0.6957581025641024
ES,2,21,0.6622176538461543
ES,2,22,0.5341488910256411
ES,2,23,0.39357831410256405
ES,3,0,0.2847101666666668
ES,3,1,0.20939716666666663
ES,3,2,0.15976360256410257
ES,3,3,0.13766658333333331
ES,3,4,0.1462208910256411
ES,3,5,0.19163937820512814
ES,3,6,0.2490506025641026
ES,3,7,0.30591405128205135
ES,3,8,0.35670609615384624
ES,3,9,0.389815512820513
ES,3,10,0.413034814102564
ES,3,11,0.42425946153846156
ES,3,12,0.4277669551282051
ES,3,13,0.4622675448717949
ES,3,14,0.5110749487179489
ES,3,15,0.517325121794872
ES,3,16,0.5157415769230769
ES,3,17,0.5332874038461538
ES,3,18,0.5613440064102563
ES,3,19,0.6250603974358973
ES,3,20,0.7028801410256411
ES,3,21,0.667769935897436
ES,3,22,0.5359523717948719
ES,3,23,0.3956742115384615
ES,4,0,0.2863957884615384
ES,4,1,0.20971206410256416
ES,4,2,0.15939079487179492
ES,4,3,0.13524764102564107
ES,4,4,0.1430339551282051
ES,4,5,0.18871811538461536
ES,4,6,0.24584508333333327
ES,4,7,0.3030916282051281
ES,4,8,0.35193380769230764
ES,4,9,0.38121290384615386
ES,4,10,0.4050445512820513
ES,4,11,0.41918053205128214
ES,4,12,0.4166801153846156
ES,4,13,0.45011134615384607
ES,4,14,0.49314189743589737
ES,4,15,0.5103978076923076
ES,4,16,0.5074952179487181
ES,4,17,0.5202049551282051
ES,4,18,0.5404550769230771
ES,4,19,0.5806822307692306
ES,4,20,0.636659891025641
ES,4,21,0.6243224679487179
ES,4,22,0.5302622371794873
ES,4,23,0.4016636346153847
ES,5,0,0.295327858974359
ES,5,1,0.21559855128205135
ES,5,2,0.16349489102564102
ES,5,3,0.14000059615384616
ES,5,4,0.1472300641025641
ES,5,5,0.1899597243589744
ES,5,6,0.24906884615384614
ES,5,7,0.30914012820512826
ES,5,8,0.35615888535031864
ES,5,9,0.3824483694267515
ES,5,10,0.40398291082802545
ES,5,11,0.4187916178343948
ES,5,12,0.41800447770700616
ES,5,13,0.4526945605095541
ES,5,14,0.49798637579617877
ES,5,15,0.5117393949044587
ES,5,16,0.5014243694267515
ES,5,17,0.49723494904458626
ES,5,18,0.5000869681528662
ES,5,19,0.5253917452229299
ES,5,20,0.5643314012738853
ES,5,21,0.568758923566879
ES,5,22,0.5167565031847132
ES,5,23,0.4256557324840765
ES,6,0,0.3297636242038216
ES,6,1,0.24563761783439494
ES,6,2,0.18250387898089168
ES,6,3,0.1485608407643312
ES,6,4,0.13934117197452225
ES,6,5,0.16343909554140124
ES,6,6,0.21267164968152866
ES,6,7,0.2758810636942677
ES,6,8,0.3363146687898088
ES,6,9,0.3827580573248408
ES,6,10,0.4153038917197452
ES,6,11,0.436164668789809
ES,6,12,0.4499211910828026
ES,6,13,0.49553860509554154
ES,6,14,0.5496553121019109
ES,6,15,0.569803732484076
ES,6,16,0.5634290445859872
ES,6,17,0.5550657324840766
ES,6,18,0.5517942229299365
ES,6,19,0.568218770700637
ES,6,20,0.6103565605095543
ES,6,21,0.6039568025477704
ES,6,22,0.5329611273885352
ES,6,23,0.447114464968153
FR,0,0,0.4549520764331213
FR,0,1,0.3612020828025478
FR,0,2,0.2946626496815289
FR,0,3,0.2600473566878981
FR,0,4,0.25344219108280275
FR,0,5,0.28409311464968146
FR,0,6,0.3514298853503185
FR,0,7,0.4405316878980893
FR,0,8,0.5166444267515924
FR,0,9,0.576969560509554
FR,0,10,0.6079388089171971
FR,0,11,0.6374871082802551
FR,0,12,0.6873583375796181
FR,0,13,0.7306151019108282
FR,0,14,0.7465095541401274
FR,0,15,0.7574421528662421
FR,0,16,0.7780588343949045
FR,0,17,0.7779976369426749
FR,0,18,0.782677929936306
FR,0,19,0.8410115987261145
FR,0,20,0.8767162420382166
FR,0,21,0.8092580318471336
FR,0,22,0.6616327324840763
FR,0,23,0.5092144012738851
FR,1,0,0.3921344267515922
FR,1,1,0.3102978726114648
FR,1,2,0.261883898089172
FR,1,3,0.24162002547770683
FR,1,4,0.2594394585987261
FR,1,5,0.3169697834394904
FR,1,6,0.3898809044585985
FR,1,7,0.4643890700636941
FR,1,8,0.515467541401274
FR,1,9,0.5515657898089171
FR,1,10,0.5643429490445857
FR,1,11,0.5817162547770701
FR,1,12,0.6122349171974523
FR,1,13,0.6290921656050952
FR,1,14,0.635311815286624
FR,1,15,0.6553654203821656
FR,1,16,0.6890978280254778
FR,1,17,0.7148264331210191
FR,1,18,0.7461660191082801
FR,1,19,0.8135436433121022
FR,1,20,0.8485112165605095
FR,1,21,0.7783578471337579
FR,1,22,0.6371007388535032
FR,1,23,0.4849172929936306
FR,2,0,0.37262276433121017
FR,2,1,0.2976971783439491
FR,2,2,0.25492398089171975
FR,2,3,0.23942510191082805
FR,2,4,0.26306603184713373
FR,2,5,0.32310588535031837
FR,2,6,0.39409282802547757
FR,2,7,0.4593886923076925
FR,2,8,0.5135591346153845
FR,2,9,0.5470155961538462
FR,2,10,0.557665641025641
FR,2,11,0.5734622371794872
FR,2,12,0.6035843397435895
FR,2,13,0.6152301987179492
FR,2,14,0.6226460769230768
FR,2,15,0.6414701602564105
FR,2,16,0.685122544871795
FR,2,17,0.7143684487179488
FR,2,18,0.7418903653846157
FR,2,19,0.8111873782051282
FR,2,20,0.8566626346153839
FR,2,21,0.7858413653846157
FR,2,22,0.6385273525641026
FR,2,23,0.487682217948718
FR,3,0,0.37671528846153823
FR,3,1,0.30210812820512817
FR,3,2,0.25852758333333326
FR,3,3,0.24397026923076914
FR,3,4,0.26701826282051294
FR,3,5,0.3303042051282051
FR,3,6,0.40442036538461534
FR,3,7,0.47434556410256423
FR,3,8,0.5272129551282049
FR,3,9,0.5660849487179491
FR,3,10,0.578203621794872
FR,3,11,0.6055675641025637
FR,3,12,0.6487702179487181
FR,3,13,0.6622923076923076
FR,3,14,0.6645342051282053
FR,3,15,0.6769834038461539
FR,3,16,0.7033591346153845
FR,3,17,0.7220959230769228
FR,3,18,0.7439504743589744
FR,3,19,0.8114185
FR,3,20,0.8516195961538463
FR,3,21,0.7833976794871793
FR,3,22,0.6389985961538459
FR,3,23,0.4887497756410255
FR,4,0,0.378345705128205
FR,4,1,0.30124602564102554
FR,4,2,0.2568298076923076
FR,4,3,0.23979267948717953
FR,4,4,0.2625808333333333
FR,4,5,0.32491332692307695
FR,4,6,0.3933488012820516
FR,4,7,0.45999460256410263
FR,4,8,0.5096201089743588
FR,4,9,0.5405762884615388
FR,4,10,0.5527168012820513
FR,4,11,0.5732880833333333
FR,4,12,0.5997431410256413
FR,4,13,0.6148379166666665
FR,4,14,0.6181574423076924
FR,4,15,0.646764653846154
FR,4,16,0.6817037692307691
FR,4,17,0.7083827435897435
FR,4,18,0.7350269358974355
FR,4,19,0.8017697051282051
FR,4,20,0.8382821217948716
FR,4,21,0.7780480641025641
FR,4,22,0.6448933076923078
FR,4,23,0.4983263910256409
FR,5,0,0.3885588141025641
FR,5,1,0.3088585897435899
FR,5,2,0.26215032692307705
FR,5,3,0.24597426923076932
FR,5,4,0.26789696153846154
FR,5,5,0.32715753846153844
FR,5,6,0.40216801923076895
FR,5,7,0.4724594871794873
FR,5,8,0.5171479299363058
FR,5,9,0.5431893694267519
FR,5,10,0.5537357643312104
FR,5,11,0.5733202802547769
FR,5,12,0.605311904458599
FR,5,13,0.6250952866242042
FR,5,14,0.6304014140127389
FR,5,15,0.6511070254777072
FR,5,16,0.6782573184713375
FR,5,17,0.6884793375796182
FR,5,18,0.7018930764331208
FR,5,19,0.7613897388535034
FR,5,20,0.8040535859872611
FR,5,21,0.7738834904458599
FR,5,22,0.669596095541401
FR,5,23,0.538707974522293
FR,6,0,0.4236472420382164
FR,6,1,0.3330493630573249
FR,6,2,0.27372245859872607
FR,6,3,0.24613481528662404
FR,6,4,0.25066273885350326
FR,6,5,0.29571355414012745
FR,6,6,0.37211812101910846
FR,6,7,0.4532151210191083
FR,6,8,0.5156660000000002
FR,6,9,0.56329874522293
FR,6,10,0.588370458598726
FR,6,11,0.6102564585987259
FR,6,12,0.6475087770700639
FR,6,13,0.6709774267515923
FR,6,14,0.6768231019108281
FR,6,15,0.6854390000000002
FR,6,16,0.702813006369427
FR,6,17,0.7035407388535035
FR,6,18,0.703099898089172
FR,6,19,0.7518606624203825
FR,6,20,0.7974266369426749
FR,6,21,0.7764517133757962
FR,6,22,0.6862337515923569
FR,6,23,0.5674548598726115
GB,0,0,0.45000575796178344
GB,0,1,0.35994974522293
GB,0,2,0.290998356687898
GB,0,3,0.2452009426751594
GB,0,4,0.22468329299363063
GB,0,5,0.2289884331210191
GB,0,6,0.2715852611464967
GB,0,7,0.33924334394904465
GB,0,8,0.40475159872611477
GB,0,9,0.4517982356687898
GB,0,10,0.48288131847133753
GB,0,11,0.5177832484076437
GB,0,12,0.5593964140127391
GB,0,13,0.6223837898089172
GB,0,14,0.6865272802547773
GB,0,15,0.7156984076433123
GB,0,16,0.73710125477707
GB,0,17,0.7455749426751591
GB,0,18,0.7327224267515925
GB,0,19,0.7433167770700638
GB,0,20,0.7588100191082799
GB,0,21,0.7270075095541401
GB,0,22,0.6365552229299363
GB,0,23,0.5128588535031849
GB,1,0,0.39091094904458606
GB,1,1,0.30579072611464975
GB,1,2,0.2504695923566878
GB,1,3,0.2141277070063694
GB,1,4,0.20683000636942675
GB,1,5,0.23343099999999997
GB,1,6,0.29262443949044603
GB,1,7,0.34950388535031823
GB,1,8,0.39595057961783464
GB,1,9,0.4291668343949043
GB,1,10,0.4468040891719745
GB,1,11,0.4561863248407642
GB,1,12,0.4664175286624203
GB,1,13,0.476446184713376
GB,1,14,0.4908928280254777
GB,1,15,0.5156493312101911
GB,1,16,0.5424933503184709
GB,1,17,0.5728610254777069
GB,1,18,0.6233617324840766
GB,1,19,0.6993416687898086
GB,1,20,0.7546138980891722
GB,1,21,0.7245457133757967
GB,1,22,0.6205117261146498
GB,1,23,0.4882990382165604
GB,2,0,0.37006441401273865
GB,2,1,0.28716625477707
GB,2,2,0.23610890445859875
GB,2,3,0.20259399363057326
GB,2,4,0.19938439490445853
GB,2,5,0.22993905095541392
GB,2,6,0.29449958598726117
GB,2,7,0.34820060256410257
GB,2,8,0.39742910897435896
GB,2,9,0.42671732051282046
GB,2,10,0.43952860256410264
GB,2,11,0.44822675
GB,2,12,0.4580608974358976
GB,2,13,0.464818557692308
GB,2,14,0.4803192884615386
GB,2,15,0.503464025641026
GB,2,16,0.5372994935897436
GB,2,17,0.5736339166666664
GB,2,18,0.6287436987179487
GB,2,19,0.7133296602564104
GB,2,20,0.7805539935897436
GB,2,21,0.7421310833333331
GB,2,22,0.6272436025641025
GB,2,23,0.4908591089743589
GB,3,0,0.37237729487179483
GB,3,1,0.2868612692307693
GB,3,2,0.23728253846153835
GB,3,3,0.20778888461538467
GB,3,4,0.20502305769230775
GB,3,5,0.2383608846153846
GB,3,6,0.29963205769230783
GB,3,7,0.35129804487179506
GB,3,8,0.394817391025641
GB,3,9,0.4249912564102563
GB,3,10,0.4386718333333333
GB,3,11,0.4458575256410259
GB,3,12,0.45622273076923064
GB,3,13,0.4636525384615381
GB,3,14,0.4805023269230769
GB,3,15,0.5059951089743587
GB,3,16,0.5378792243589745
GB,3,17,0.5742182371794873
GB,3,18,0.6287214615384615
GB,3,19,0.7305966987179487
GB,3,20,0.8027884871794873
GB,3,21,0.7552777948717949
GB,3,22,0.6301634999999999
GB,3,23,0.4913711282051285
GB,4,0,0.3716276410256408
GB,4,1,0.28794169871794867
GB,4,2,0.2385298397435897
GB,4,3,0.20850387179487184
GB,4,4,0.20658464743589752
GB,4,5,0.24065286538461542
GB,4,6,0.3011006474358974
GB,4,7,0.3522889102564102
GB,4,8,0.3929026602564103
GB,4,9,0.4225542243589743
GB,4,10,0.4376197307692307
GB,4,11,0.4472701923076919
GB,4,12,0.45547355769230763
GB,4,13,0.466104891025641
GB,4,14,0.47781657692307716
GB,4,15,0.5077817884615384
GB,4,16,0.5386717756410256
GB,4,17,0.5732622115384617
GB,4,18,0.6273427115384614
GB,4,19,0.7071010769230769
GB,4,20,0.762211423076923
GB,4,21,0.7356333846153844
GB,4,22,0.6311168397435896
GB,4,23,0.5002012115384614
GB,5,0,0.382381685897436
GB,5,1,0.2941429230769231
GB,5,2,0.24123176923076925
GB,5,3,0.20984173076923077
GB,5,4,0.2061435384615385
GB,5,5,0.237263673076923
GB,5,6,0.3023392884615384
GB,5,7,0.35858715384615386
GB,5,8,0.40217818471337563
GB,5,9,0.4274790891719746
GB,5,10,0.4422424076433123
GB,5,11,0.45088561783439485
GB,5,12,0.4560579808917198
GB,5,13,0.467537261146497
GB,5,14,0.4836195031847132
GB,5,15,0.514456617834395
GB,5,16,0.5404488726114651
GB,5,17,0.5608090445859872
GB,5,18,0.5957122675159237
GB,5,19,0.6630076878980893
GB,5,20,0.7113843694267514
GB,5,21,0.7026377070063692
GB,5,22,0.631806643312102
GB,5,23,0.526061159235669
GB,6,0,0.4140335031847134
GB,6,1,0.3208099999999998
GB,6,2,0.25811669426751593
GB,6,3,0.21892648407643306
GB,6,4,0.20568085987261145
GB,6,5,0.2229436942675158
GB,6,6,0.28061953503184706
GB,6,7,0.34589042675159243
GB,6,8,0.4009597643312101
GB,6,9,0.4419178980891721
GB,6,10,0.47090061146496837
GB,6,11,0.5102426305732486
GB,6,12,0.5662559808917197
GB,6,13,0.5981778280254777
GB,6,14,0.6383258980891717
GB,6,15,0.6860789171974524
GB,6,16,0.6813171528662421
GB,6,17,0.6687324777070065
GB,6,18,0.6945084394904464
GB,6,19,0.7222106878980894
GB,6,20,0.7487040318471339
GB,6,21,0.7487310382165608
GB,6,22,0.6800646687898089
GB,6,23,0.5684332675159235
ID,0,0,0.49002942675159233
ID,0,1,0.5684877643312101
ID,0,2,0.6407782738853504
ID,0,3,0.7074239363057324
ID,0,4,0.7503108025477709
ID,0,5,0.7677679617834392
ID,0,6,0.775602152866242
ID,0,7,0.7733274076433121
ID,0,8,0.7280706433121018
ID,0,9,0.703399560509554
ID,0,10,0.6951060254777072
ID,0,11,0.7238714203821656
ID,0,12,0.7869566305732484
ID,0,13,0.8140952484076431
ID,0,14,0.8383932802547769
ID,0,15,0.8437730700636942
ID,0,16,0.8145634140127387
ID,0,17,0.7412505859872612
ID,0,18,0.6102404267515926
ID,0,19,0.48193822292993643
ID,0,20,0.3787142165605098
ID,0,21,0.3277391082802548
ID,0,22,0.34275754777070067
ID,0,23,0.3846487834394903
ID,1,0,0.45729188535031856
ID,1,1,0.5486093821656053
ID,1,2,0.6106519171974524
ID,1,3,0.6552677515923568
ID,1,4,0.6906679108280249
ID,1,5,0.711124917197452
ID,1,6,0.7315594649681529
ID,1,7,0.7371343439490451
ID,1,8,0.7030870955414013
ID,1,9,0.6821527961783442
ID,1,10,0.676724535031847
ID,1,11,0.7014484267515927
ID,1,12,0.7530237579617836
ID,1,13,0.7858728853503185
ID,1,14,0.8119258726114654
ID,1,15,0.8192105286624202
ID,1,16,0.7873668853503181
ID,1,17,0.7128835605095539
ID,1,18,0.5917646369426749
ID,1,19,0.46418355414012713
ID,1,20,0.36749255414012744
ID,1,21,0.3233526751592358
ID,1,22,0.3539085541401274
ID,1,23,0.3997874522292993
ID,2,0,0.470930662420382
ID,2,1,0.5542624458598728
ID,2,2,0.6110575605095542
ID,2,3,0.6552627707006368
ID,2,4,0.6913062738853504
ID,2,5,0.7105718471337582
ID,2,6,0.7345908853503187
ID,2,7,0.7406323525641025
ID,2,8,0.7088643269230769
ID,2,9,0.6878585192307691
ID,2,10,0.6846561025641026
ID,2,11,0.7091908461538464
ID,2,12,0.7627643910256411
ID,2,13,0.7868507948717948
ID,2,14,0.8068377115384618
ID,2,15,0.8069737820512819
ID,2,16,0.7831313910256411
ID,2,17,0.7128986666666663
ID,2,18,0.5924647628205125
ID,2,19,0.47190827564102594
ID,2,20,0.3803892884615385
ID,2,21,0.3301536089743588
ID,2,22,0.35512939743589744
ID,2,23,0.39566434615384605
ID,3,0,0.46873553205128204
ID,3,1,0.5529913589743591
ID,3,2,0.6104737884615384
ID,3,3,0.6555829166666662
ID,3,4,0.68591691025641
ID,3,5,0.7051829551282051
ID,3,6,0.7261302820512825
ID,3,7,0.7306340961538462
ID,3,8,0.7016774807692305
ID,3,9,0.6853744743589746
ID,3,10,0.681508237179487
ID,3,11,0.7074618397435898
ID,3,12,0.7565181987179483
ID,3,13,0.781144403846154
ID,3,14,0.8069481923076918
ID,3,15,0.8142485833333335
ID,3,16,0.7888170064102565
ID,3,17,0.7219926474358973
ID,3,18,0.599986108974359
ID,3,19,0.47843813461538487
ID,3,20,0.3887524102564101
ID,3,21,0.33930671153846154
ID,3,22,0.3598548974358975
ID,3,23,0.40317427564102576
ID,4,0,0.4727757371794871
ID,4,1,0.5518596794871793
ID,4,2,0.6172645128205126
ID,4,3,0.6640332628205126
ID,4,4,0.6938626089743594
ID,4,5,0.7147992948717948
ID,4,6,0.7301528782051283
ID,4,7,0.7365464423076923
ID,4,8,0.7062609871794869
ID,4,9,0.6860419294871795
ID,4,10,0.6835318076923078
ID,4,11,0.7077826153846154
ID,4,12,0.753447064102564
ID,4,13,0.7795656666666667
ID,4,14,0.7995408782051285
ID,4,15,0.8150643397435893
ID,4,16,0.7870610833333337
ID,4,17,0.7221695833333336
ID,4,18,0.6059260833333333
ID,4,19,0.47936580128205125
ID,4,20,0.38306296794871786
ID,4,21,0.3334513012820513
ID,4,22,0.3615017628205129
ID,4,23,0.40482527564102566
ID,5,0,0.47471873076923105
ID,5,1,0.5531670064102564
ID,5,2,0.616197858974359
ID,5,3,0.6699060448717952
ID,5,4,0.6713113525641026
ID,5,5,0.6715725641025644
ID,5,6,0.7430058589743591
ID,5,7,0.7438922307692312
ID,5,8,0.705601573248408
ID,5,9,0.6725583184713376
ID,5,10,0.6620827324840763
ID,5,11,0.687676592356688
ID,5,12,0.7350032229299361
ID,5,13,0.7627916878980889
ID,5,14,0.7805607006369423
ID,5,15,0.7998947197452231
ID,5,16,0.7845701019108277
ID,5,17,0.7273205605095543
ID,5,18,0.6224853057324837
ID,5,19,0.4982749936305728
ID,5,20,0.3902807070063694
ID,5,21,0.33578596815286627
ID,5,22,0.35922815923566875
ID,5,23,0.41086465605095535
ID,6,0,0.47676335031847095
ID,6,1,0.5530132165605095
ID,6,2,0.6170824904458596
ID,6,3,0.6759206560509555
ID,6,4,0.7160138025477709
ID,6,5,0.7361147961783437
ID,6,6,0.7457411656050955
ID,6,7,0.7405159554140126
ID,6,8,0.7080858789808919
ID,6,9,0.6845220382165607
ID,6,10,0.6739206433121014
ID,6,11,0.6952953312101912
ID,6,12,0.7459626687898085
ID,6,13,0.7784777898089171
ID,6,14,0.7983106815286626
ID,6,15,0.8135434458598726
ID,6,16,0.8046468598726118
ID,6,17,0.7607763694267512
ID,6,18,0.6710001910828027
ID,6,19,0.5522198598726115
ID,6,20,0.4413428152866242
ID,6,21,0.3693834331210191
ID,6,22,0.375754312101911
ID,6,23,0.4258314203821656
IN,0,0,0.22689119745222935
IN,0,1,0.3091881974522293
IN,0,2,0.4065232038216561
IN,0,3,0.5020807770700638
IN,0,4,0.6012769426751593
IN,0,5,0.6996645796178343
IN,0,6,0.7692658789808917
IN,0,7,0.8036749554140127
IN,0,8,0.8218869745222931
IN,0,9,0.8377830891719747
IN,0,10,0.8097323439490444
IN,0,11,0.7561824394904461
IN,0,12,0.7232969999999997
IN,0,13,0.7357959299363055
IN,0,14,0.7562307006369426
IN,0,15,0.76441025477707
IN,0,16,0.7930128980891719
IN,0,17,0.801554770700637
IN,0,18,0.7286937643312101
IN,0,19,0.5741698917197454
IN,0,20,0.39270674522293
IN,0,21,0.2598652866242039
IN,0,22,0.18280012738853507
IN,0,23,0.16960225477706994
IN,1,0,0.2094972420382165
IN,1,1,0.2908071146496815
IN,1,2,0.3791523630573247
IN,1,3,0.46608584713375795
IN,1,4,0.5741270891719745
IN,1,5,0.6724759171974521
IN,1,6,0.7323395923566878
IN,1,7,0.7521359108280254
IN,1,8,0.7679694904458597
IN,1,9,0.7891965350318472
IN,1,10,0.7688913439490446
IN,1,11,0.7283382420382166
IN,1,12,0.7039539554140124
IN,1,13,0.7156420700636945
IN,1,14,0.7373554267515924
IN,1,15,0.757118229299363
IN,1,16,0.7930981974522296
IN,1,17,0.8022628025477706
IN,1,18,0.7194144076433119
IN,1,19,0.5571001401273887
IN,1,20,0.3769542420382165
IN,1,21,0.24777079617834397
IN,1,22,0.17823656050955414
IN,1,23,0.16810831210191085
IN,2,0,0.21015010191082803
IN,2,1,0.2923666878980891
IN,2,2,0.3801425732484076
IN,2,3,0.46374785987261147
IN,2,4,0.5713854394904461
IN,2,5,0.6649994713375796
IN,2,6,0.7269204458598724
IN,2,7,0.7474687499999997
IN,2,8,0.7651324294871796
IN,2,9,0.7852246602564102
IN,2,10,0.7650894423076923
IN,2,11,0.7220910833333333
IN,2,12,0.7013515576923078
IN,2,13,0.7076600897435901
IN,2,14,0.7316217948717949
IN,2,15,0.7438264871794874
IN,2,16,0.7849569935897435
IN,2,17,0.8002736794871793
IN,2,18,0.7181402115384616
IN,2,19,0.5565142628205129
IN,2,20,0.37844992307692304
IN,2,21,0.24993607692307698
IN,2,22,0.18013174999999998
IN,2,23,0.1696426858974359
IN,3,0,0.21231070512820507
IN,3,1,0.29566321794871786
IN,3,2,0.3813479294871796
IN,3,3,0.4640478205128205
IN,3,4,0.5660169999999999
IN,3,5,0.6597908012820513
IN,3,6,0.7158251153846152
IN,3,7,0.7334020064102565
IN,3,8,0.7552645897435897
IN,3,9,0.7811825192307691
IN,3,10,0.7604594230769232
IN,3,11,0.7187982243589743
IN,3,12,0.7007212115384613
IN,3,13,0.7109130705128206
IN,3,14,0.7321164166666665
IN,3,15,0.7459446089743592
IN,3,16,0.785570519230769
IN,3,17,0.8033276602564101
IN,3,18,0.7225813782051284
IN,3,19,0.5573810256410258
IN,3,20,0.3788064743589743
IN,3,21,0.2518379423076924
IN,3,22,0.18205421794871796
IN,3,23,0.17391371153846158
IN,4,0,0.21879521153846154
IN,4,1,0.30118852564102555
IN,4,2,0.38990061538461546
IN,4,3,0.473764141025641
IN,4,4,0.5800777820512819
IN,4,5,0.6780727884615385
IN,4,6,0.7313839294871796
IN,4,7,0.7529813653846151
IN,4,8,0.7732096153846154
IN,4,9,0.7929402756410255
IN,4,10,0.7756099743589744
IN,4,11,0.7388245192307695
IN,4,12,0.7150442051282048
IN,4,13,0.7260997435897435
IN,4,14,0.7425249166666665
IN,4,15,0.7646456858974356
IN,4,16,0.7990828397435896
IN,4,17,0.8143776025641025
IN,4,18,0.7345759615384616
IN,4,19,0.576206923076923
IN,4,20,0.3960430192307693
IN,4,21,0.26169725641025654
IN,4,22,0.18885293589743596
IN,4,23,0.18065942948717945
IN,5,0,0.23185778846153846
IN,5,1,0.3219391666666666
IN,5,2,0.41858428846153845
IN,5,3,0.5119917051282049
IN,5,4,0.6201127179487179
IN,5,5,0.7137994038461537
IN,5,6,0.7700322564102563
IN,5,7,0.7735341794871795
IN,5,8,0.7973353821656052
IN,5,9,0.8248415350318473
IN,5,10,0.8056109999999999
IN,5,11,0.7719979999999999
IN,5,12,0.7520471019108277
IN,5,13,0.7673726496815287
IN,5,14,0.7859820382165605
IN,5,15,0.8040007643312101
IN,5,16,0.8378036878980893
IN,5,17,0.8488541719745226
IN,5,18,0.7752406433121022
IN,5,19,0.6174234458598726
IN,5,20,0.42026308917197447
IN,5,21,0.2784696114649682
IN,5,22,0.19948138853503186
IN,5,23,0.18713516560509552
IN,6,0,0.23354082802547776
IN,6,1,0.3213513630573248
IN,6,2,0.4167261082802548
IN,6,3,0.50994825477707
IN,6,4,0.6160944140127388
IN,6,5,0.7159101910828028
IN,6,6,0.7798277388535031
IN,6,7,0.8064581974522295
IN,6,8,0.830979
IN,6,9,0.8463025477707004
IN,6,10,0.8223757770700637
IN,6,11,0.7732615414012739
IN,6,12,0.7492821337579617
IN,6,13,0.7664569808917197
IN,6,14,0.7916195859872616
IN,6,15,0.809842133757962
IN,6,16,0.8455397579617836
IN,6,17,0.8628319044585989
IN,6,18,0.7967608343949046
IN,6,19,0.6434036178343947
IN,6,20,0.4520632675159236
IN,6,21,0.30316451592356686
IN,6,22,0.2140071464968153
IN,6,23,0.19114738216560517
IT,0,0,0.25832780254777077
IT,0,1,0.1890172675159236
IT,0,2,0.1413711847133758
IT,0,3,0.12043911464968152
IT,0,4,0.1264135350318471
IT,0,5,0.16259833121019113
IT,0,6,0.22018996815286626
IT,0,7,0.2837434968152866
IT,0,8,0.3297382165605098
IT,0,9,0.3676065605095543
IT,0,10,0.4043719363057325
IT,0,11,0.45703835031847134
IT,0,12,0.5286534713375795
IT,0,13,0.579114382165605
IT,0,14,0.5985934140127382
IT,0,15,0.5650051974522294
IT,0,16,0.5616032229299364
IT,0,17,0.6003672484076434
IT,0,18,0.6021783885350317
IT,0,19,0.6808346942675164
IT,0,20,0.7711482866242041
IT,0,21,0.6524088216560514
IT,0,22,0.4562900254777071
IT,0,23,0.3266813630573249
IT,1,0,0.22513617834394906
IT,1,1,0.15841778980891713
IT,1,2,0.12051116560509556
IT,1,3,0.11056366878980889
IT,1,4,0.13351616560509555
IT,1,5,0.1846870828025477
IT,1,6,0.24439336942675155
IT,1,7,0.2984392738853502
IT,1,8,0.3347713885350319
IT,1,9,0.36106154777070076
IT,1,10,0.37991042675159215
IT,1,11,0.39177450955414
IT,1,12,0.4246439936305732
IT,1,13,0.4539153885350318
IT,1,14,0.45595636305732473
IT,1,15,0.4486866942675159
IT,1,16,0.4600854968152868
IT,1,17,0.47767959235668805
IT,1,18,0.5028865477707004
IT,1,19,0.5894023630573249
IT,1,20,0.6455529617834395
IT,1,21,0.5709772738853497
IT,1,22,0.4402903503184714
IT,1,23,0.3142232738853502
IT,2,0,0.2151966878980893
IT,2,1,0.1526945222929936
IT,2,2,0.11863845222929936
IT,2,3,0.11195159235668788
IT,2,4,0.1384982292993631
IT,2,5,0.19065687261146486
IT,2,6,0.24755917197452212
IT,2,7,0.2968708141025642
IT,2,8,0.33438857051282056
IT,2,9,0.36181471153846173
IT,2,10,0.37969744871794875
IT,2,11,0.39241027564102576
IT,2,12,0.42707662179487177
IT,2,13,0.45331451282051277
IT,2,14,0.4548729294871794
IT,2,15,0.441767282051282
IT,2,16,0.45274556410256395
IT,2,17,0.4703310576923079
IT,2,18,0.4937834807692306
IT,2,19,0.5723074935897438
IT,2,20,0.6416207115384617
IT,2,21,0.5750968974358976
IT,2,22,0.4350239615384616
IT,2,23,0.30858530128205125
IT,3,0,0.21409632051282051
IT,3,1,0.15274921794871796
IT,3,2,0.11876324358974359
IT,3,3,0.11241035256410253
IT,3,4,0.13967619871794862
IT,3,5,0.19282085897435905
IT,3,6,0.24889798717948713
IT,3,7,0.2979494358974358
IT,3,8,0.3341034423076922
IT,3,9,0.3612632820512821
IT,3,10,0.3784352884615386
IT,3,11,0.3910896474358974
IT,3,12,0.42698891025641017
IT,3,13,0.45434701282051254
IT,3,14,0.4579700833333332
IT,3,15,0.44695930769230785
IT,3,16,0.4541447756410257
IT,3,17,0.4718003333333334
IT,3,18,0.49300786538461533
IT,3,19,0.5679350064102562
IT,3,20,0.6285754999999998
IT,3,21,0.5699651602564103
IT,3,22,0.43716119230769207
IT,3,23,0.310334717948718
IT,4,0,0.21617938461538466
IT,4,1,0.15395433333333328
IT,4,2,0.12032485897435895
IT,4,3,0.11233241025641029
IT,4,4,0.1387411602564103
IT,4,5,0.1916556602564103
IT,4,6,0.24575895512820528
IT,4,7,0.29512634615384614
IT,4,8,0.32972945512820495
IT,4,9,0.3554206666666669
IT,4,10,0.37384582051282045
IT,4,11,0.38975839102564097
IT,4,12,0.42062849358974364
IT,4,13,0.44653891666666656
IT,4,14,0.44360781410256384
IT,4,15,0.43690842307692324
IT,4,16,0.4413940961538462
IT,4,17,0.4558921474358975
IT,4,18,0.4786308397435897
IT,4,19,0.5428852371794872
IT,4,20,0.5950714166666663
IT,4,21,0.5518324102564102
IT,4,22,0.4401051730769231
IT,4,23,0.320031564102564
IT,5,0,0.224411391025641
IT,5,1,0.15862091025641023
IT,5,2,0.12232055128205122
IT,5,3,0.11451936538461546
IT,5,4,0.14065983333333332
IT,5,5,0.19211469871794876
IT,5,6,0.24941578846153847
IT,5,7,0.2992572179487182
IT,5,8,0.3359129554140129
IT,5,9,0.35493210828025484
IT,5,10,0.3714898280254775
IT,5,11,0.3874188917197453
IT,5,12,0.42286401910828025
IT,5,13,0.45222013375796183
IT,5,14,0.451889643312102
IT,5,15,0.44358635031847127
IT,5,16,0.44205627388535057
IT,5,17,0.44600063694267505
IT,5,18,0.4604779299363057
IT,5,19,0.5290215286624206
IT,5,20,0.5791034904458598
IT,5,21,0.5332493057324842
IT,5,22,0.42845075159235657
IT,5,23,0.329926025477707
IT,6,0,0.24269388535031833
IT,6,1,0.17572254777070062
IT,6,2,0.133178076433121
IT,6,3,0.11820009554140133
IT,6,4,0.13189927388535033
IT,6,5,0.17495012738853516
IT,6,6,0.2319816878980893
IT,6,7,0.2837100573248408
IT,6,8,0.322254337579618
IT,6,9,0.35431436305732483
IT,6,10,0.3779552420382164
IT,6,11,0.4076210127388535
IT,6,12,0.46441989171974496
IT,6,13,0.5208190955414016
IT,6,14,0.5485945414012737
IT,6,15,0.5194071210191084
IT,6,16,0.5404577707006369
IT,6,17,0.5965526242038217
IT,6,18,0.5600580382165605
IT,6,19,0.5515541528662421
IT,6,20,0.5951984968152866
IT,6,21,0.5381155732484079
IT,6,22,0.4336518152866242
IT,6,23,0.34368714012738877
JP,0,0,0.5859593694267519
JP,0,1,0.6194821464968155
JP,0,2,0.6238035732484076
JP,0,3,0.6058311656050956
JP,0,4,0.6319004267515924
JP,0,5,0.6584251719745224
JP,0,6,0.6709162356687901
JP,0,7,0.680918184713376
JP,0,8,0.6573901847133761
JP,0,9,0.6145256751592356
JP,0,10,0.5971418025477707
JP,0,11,0.6563322675159236
JP,0,12,0.7364730000000005
JP,0,13,0.8117636114649677
JP,0,14,0.828387101910828
JP,0,15,0.7540420127388535
JP,0,16,0.5978515987261146
JP,0,17,0.43681329299363053
JP,0,18,0.3270259044585988
JP,0,19,0.2780010636942675
JP,0,20,0.3058955541401274
JP,0,21,0.3742935286624204
JP,0,22,0.4117118789808918
JP,0,23,0.451060114649682
JP,1,0,0.49267431847133747
JP,1,1,0.5186069617834393
JP,1,2,0.5221747388535029
JP,1,3,0.5332026878980893
JP,1,4,0.5311209745222929
JP,1,5,0.546752178343949
JP,1,6,0.5577988216560508
JP,1,7,0.5625416050955414
JP,1,8,0.5635492356687899
JP,1,9,0.5714794140127385
JP,1,10,0.5891719108280252
JP,1,11,0.6647351019108279
JP,1,12,0.7540324904458602
JP,1,13,0.8340821082802546
JP,1,14,0.8556270828025475
JP,1,15,0.7617321974522294
JP,1,16,0.5823927770700641
JP,1,17,0.4185076242038215
JP,1,18,0.3170546560509555
JP,1,19,0.2795545541401275
JP,1,20,0.3171173566878981
JP,1,21,0.3860142738853502
JP,1,22,0.41348575796178344
JP,1,23,0.4375698853503184
JP,2,0,0.468427
JP,2,1,0.491439789808917
JP,2,2,0.495216770700637
JP,2,3,0.5134250764331211
JP,2,4,0.5080575222929935
JP,2,5,0.5218171337579617
JP,2,6,0.535265076433121
JP,2,7,0.5398460384615386
JP,2,8,0.5599511538461537
JP,2,9,0.5767791794871795
JP,2,10,0.596979801282051
JP,2,11,0.670722269230769
JP,2,12,0.7618310320512826
JP,2,13,0.8331909166666668
JP,2,14,0.8526196730769234
JP,2,15,0.7503961217948721
JP,2,16,0.5758280512820512
JP,2,17,0.41577010897435895
JP,2,18,0.3149823012820511
JP,2,19,0.27644438461538456
JP,2,20,0.3156962756410257
JP,2,21,0.3868216025641026
JP,2,22,0.41409676282051294
JP,2,23,0.4356963397435897
JP,3,0,0.46922548076923065
JP,3,1,0.4954401730769231
JP,3,2,0.49960389102564096
JP,3,3,0.5200773333333333
JP,3,4,0.5127089294871795
JP,3,5,0.5281777628205131
JP,3,6,0.5401446217948718
JP,3,7,0.5459427564102561
JP,3,8,0.5583338974358976
JP,3,9,0.5795828269230768
JP,3,10,0.602701076923077
JP,3,11,0.6806572884615386
JP,3,12,0.7782423141025645
JP,3,13,0.8462154423076922
JP,3,14,0.8625901602564101
JP,3,15,0.7602197307692311
JP,3,16,0.5808489166666672
JP,3,17,0.41969834615384616
JP,3,18,0.31711799999999984
JP,3,19,0.2770823717948717
JP,3,20,0.31558425641025645
JP,3,21,0.38756721153846146
JP,3,22,0.41583154487179513
JP,3,23,0.43743696794871795
JP,4,0,0.46603377564102555
JP,4,1,0.4871987115384614
JP,4,2,0.49119241025641014
JP,4,3,0.5172494871794869
JP,4,4,0.5066293589743592
JP,4,5,0.5208152820512824
JP,4,6,0.5299425576923082
JP,4,7,0.5385820833333335
JP,4,8,0.5533608525641025
JP,4,9,0.5735619230769233
JP,4,10,0.6011577115384616
JP,4,11,0.6764289230769229
JP,4,12,0.7629315448717952
JP,4,13,0.835822237179487
JP,4,14,0.8474631282051279
JP,4,15,0.7578658076923075
JP,4,16,0.576439
JP,4,17,0.41675227564102585
JP,4,18,0.31586455128205126
JP,4,19,0.28241592948717953
JP,4,20,0.32221770512820513
JP,4,21,0.39395916025641026
JP,4,22,0.4216983653846157
JP,4,23,0.4390890064102564
JP,5,0,0.4679418397435898
JP,5,1,0.4893769999999997
JP,5,2,0.4933816538461538
JP,5,3,0.5164097948717947
JP,5,4,0.5102440320512821
JP,5,5,0.5220802500000006
JP,5,6,0.5369858525641026
JP,5,7,0.5462927243589746
JP,5,8,0.5526910509554143
JP,5,9,0.5609111656050957
JP,5,10,0.572076433121019
JP,5,11,0.6375002101910826
JP,5,12,0.7133128089171976
JP,5,13,0.7779000254777072
JP,5,14,0.812650127388535
JP,5,15,0.7778590191082801
JP,5,16,0.6464694331210192
JP,5,17,0.48911675796178355
JP,5,18,0.3747529108280254
JP,5,19,0.32436677707006367
JP,5,20,0.3486895859872613
JP,5,21,0.4244704012738857
JP,5,22,0.48880668789808895
JP,5,23,0.5398803439490445
JP,6,0,0.5834502929936307
JP,6,1,0.6065539745222925
JP,6,2,0.6014647707006369
JP,6,3,0.5869468471337576
JP,6,4,0.6055909936305734
JP,6,5,0.6310551464968154
JP,6,6,0.6463536496815285
JP,6,7,0.6471842611464972
JP,6,8,0.6324424968152863
JP,6,9,0.5966047770700637
JP,6,10,0.5751030828025478
JP,6,11,0.6210085987261145
JP,6,12,0.6896245732484078
JP,6,13,0.7495721719745227
JP,6,14,0.7842612993630574
JP,6,15,0.7554931273885352
JP,6,16,0.6476349044585985
JP,6,17,0.5056182292993632
JP,6,18,0.39064565605095547
JP,6,19,0.3290959044585987
JP,6,20,0.3350069554140128
JP,6,21,0.4016771910828025
JP,6,22,0.47369925477707
JP,6,23,0.5328943694267511
KR,0,0,0.5395967261146499
KR,0,1,0.6144341719745224
KR,0,2,0.6476347579617833
KR,0,3,0.6632850573248407
KR,0,4,0.6999992356687901
KR,0,5,0.7398394968152867
KR,0,6,0.7566438662420382
KR,0,7,0.7586099554140125
KR,0,8,0.7182934140127389
KR,0,9,0.6821814203821658
KR,0,10,0.6903164331210188
KR,0,11,0.7351795987261145
KR,0,12,0.7765008980891719
KR,0,13,0.8328417070063697
KR,0,14,0.8840784713375797
KR,0,15,0.8661331974522293
KR,0,16,0.735993286624204
KR,0,17,0.5570877006369428
KR,0,18,0.40728899363057325
KR,0,19,0.30572479617834397
KR,0,20,0.2668866178343949
KR,0,21,0.2954845859872611
KR,0,22,0.34726099363057317
KR,0,23,0.40715414649681536
KR,1,0,0.4868030063694266
KR,1,1,0.5464744267515925
KR,1,2,0.5604246942675161
KR,1,3,0.5702251273885348
KR,1,4,0.5946082484076433
KR,1,5,0.6207160700636946
KR,1,6,0.6431372420382168
KR,1,7,0.6566107579617837
KR,1,8,0.6511779808917196
KR,1,9,0.6574738407643315
KR,1,10,0.6944316751592359
KR,1,11,0.7408328407643315
KR,1,12,0.7739886751592355
KR,1,13,0.8287715477707006
KR,1,14,0.8665443630573244
KR,1,15,0.832465923566879
KR,1,16,0.6874600445859871
KR,1,17,0.5087822929936306
KR,1,18,0.3751311146496816
KR,1,19,0.29118563694267513
KR,1,20,0.2655903885350319
KR,1,21,0.3003456751592357
KR,1,22,0.35417422929936315
KR,1,23,0.40213649681528646
KR,2,0,0.4710631401273884
KR,2,1,0.5257327770700638
KR,2,2,0.5385628407643314
KR,2,3,0.5488541464968156
KR,2,4,0.5752584076433124
KR,2,5,0.6017219426751593
KR,2,6,0.6253666114649682
KR,2,7,0.6421262243589747
KR,2,8,0.6510633717948718
KR,2,9,0.6682516025641022
KR,2,10,0.7100808397435898
KR,2,11,0.7505563397435897
KR,2,12,0.7804645897435896
KR,2,13,0.8265726474358973
KR,2,14,0.8699538974358972
KR,2,15,0.83236708974359
KR,2,16,0.6930786602564103
KR,2,17,0.5195089999999996
KR,2,18,0.3819444871794872
KR,2,19,0.2956739423076924
KR,2,20,0.27126792307692316
KR,2,21,0.3072700961538463
KR,2,22,0.35818982692307694
KR,2,23,0.4050735705128204
KR,3,0,0.47683944230769243
KR,3,1,0.5325406153846156
KR,3,2,0.5445214615384614
KR,3,3,0.5558422884615384
KR,3,4,0.5782488910256413
KR,3,5,0.6080061346153851
KR,3,6,0.6313574423076921
KR,3,7,0.64987016025641
KR,3,8,0.6536827371794872
KR,3,9,0.6707950064102562
KR,3,10,0.7134608782051286
KR,3,11,0.7527270961538464
KR,3,12,0.7812632179487179
KR,3,13,0.8290408846153846
KR,3,14,0.8736339230769236
KR,3,15,0.8345449166666669
KR,3,16,0.6921917307692308
KR,3,17,0.5186733846153845
KR,3,18,0.383112846153846
KR,3,19,0.2967899038461538
KR,3,20,0.27361418589743575
KR,3,21,0.3099885705128205
KR,3,22,0.36121592948717945
KR,3,23,0.4094222564102563
KR,4,0,0.48074338461538474
KR,4,1,0.5333563397435895
KR,4,2,0.5432979551282053
KR,4,3,0.5705833589743591
KR,4,4,0.5840294807692309
KR,4,5,0.6071234423076924
KR,4,6,0.626923346153846
KR,4,7,0.6469931346153848
KR,4,8,0.653285262820513
KR,4,9,0.6675427948717952
KR,4,10,0.7097583269230763
KR,4,11,0.7486021217948717
KR,4,12,0.7688791217948715
KR,4,13,0.8160868974358976
KR,4,14,0.8489632243589742
KR,4,15,0.8270308846153842
KR,4,16,0.6859253910256411
KR,4,17,0.5182807435897437
KR,4,18,0.3840754487179488
KR,4,19,0.30052687179487164
KR,4,20,0.2746926153846154
KR,4,21,0.31183137179487175
KR,4,22,0.36450803205128207
KR,4,23,0.41349778205128207
KR,5,0,0.4861026538461536
KR,5,1,0.5398919102564105
KR,5,2,0.5508701282051285
KR,5,3,0.5613941282051284
KR,5,4,0.586254076923077
KR,5,5,0.6115951346153844
KR,5,6,0.6416717435897435
KR,5,7,0.6649027756410255
KR,5,8,0.6607263439490447
KR,5,9,0.653951280254777
KR,5,10,0.6716126560509554
KR,5,11,0.6995185732484075
KR,5,12,0.7148620636942675
KR,5,13,0.75291998089172
KR,5,14,0.7972525987261146
KR,5,15,0.8056232866242039
KR,5,16,0.7286566815286627
KR,5,17,0.5864504968152866
KR,5,18,0.4462711464968153
KR,5,19,0.3448768726114649
KR,5,20,0.29645333121019135
KR,5,21,0.31238343949044584
KR,5,22,0.3738747770700638
KR,5,23,0.4647826751592357
KR,6,0,0.5573678407643313
KR,6,1,0.615984121019108
KR,6,2,0.6365235668789813
KR,6,3,0.6443798917197452
KR,6,4,0.6673634076433121
KR,6,5,0.69885476433121
KR,6,6,0.7152720636942675
KR,6,7,0.7110308343949046
KR,6,8,0.678281114649681
KR,6,9,0.6432334968152866
KR,6,10,0.6390117961783438
KR,6,11,0.663905700636942
KR,6,12,0.6928270700636945
KR,6,13,0.7382672993630572
KR,6,14,0.7927820318471334
KR,6,15,0.8142326242038219
KR,6,16,0.7602019745222931
KR,6,17,0.6330313821656052
KR,6,18,0.49030629936305703
KR,6,19,0.37272266878980886
KR,6,20,0.30291326751592373
KR,6,21,0.30016257961783444
KR,6,22,0.3512470764331209
KR,6,23,0.44077326114649684
MX,0,0,0.6434905541401275
MX,0,1,0.6642762993630573
MX,0,2,0.6810644522292993
MX,0,3,0.7051873312101908
MX,0,4,0.7149998025477704
MX,0,5,0.6897033057324837
MX,0,6,0.6057245350318474
MX,0,7,0.47950088535031854
MX,0,8,0.35009992356687886
MX,0,9,0.25025317197452235
MX,0,10,0.18589826114649677
MX,0,11,0.1626946815286624
MX,0,12,0.18710375796178338
MX,0,13,0.2603379108280256
MX,0,14,0.34408464331210203
MX,0,15,0.41168902547770697
MX,0,16,0.46271565605095527
MX,0,17,0.5093148662420381
MX,0,18,0.559568025477707
MX,0,19,0.6004105987261145
MX,0,20,0.6231812547770705
MX,0,21,0.6308170573248408
MX,0,22,0.6404234904458599
MX,0,23,0.6599922866242038
MX,1,0,0.6848410318471342
MX,1,1,0.7083741273885352
MX,1,2,0.7333683248407644
MX,1,3,0.7582165286624204
MX,1,4,0.7683088598726113
MX,1,5,0.7213486751592356
MX,1,6,0.5976769363057324
MX,1,7,0.4360948216560507
MX,1,8,0.29955819108280257
MX,1,9,0.21087747133757961
MX,1,10,0.1656489872611465
MX,1,11,0.1718794076433121
MX,1,12,0.2269945923566878
MX,1,13,0.3061879171974524
MX,1,14,0.3824351401273886
MX,1,15,0.44429977070063725
MX,1,16,0.4869893566878981
MX,1,17,0.524097974522293
MX,1,18,0.5555726751592353
MX,1,19,0.5762660700636943
MX,1,20,0.5903365668789811
MX,1,21,0.6128694522292992
MX,1,22,0.6424686242038216
MX,1,23,0.6620133566878981
MX,2,0,0.6766695541401273
MX,2,1,0.7016778471337577
MX,2,2,0.732436617834395
MX,2,3,0.7595872929936308
MX,2,4,0.7730937643312099
MX,2,5,0.7157504458598727
MX,2,6,0.5802924012738856
MX,2,7,0.41268708333333326
MX,2,8,0.2951800641025641
MX,2,9,0.2105457628205128
MX,2,10,0.16450508333333333
MX,2,11,0.17471792307692302
MX,2,12,0.23737417948717948
MX,2,13,0.31990172435897446
MX,2,14,0.3956466666666668
MX,2,15,0.4505430576923077
MX,2,16,0.4946747115384612
MX,2,17,0.5352175256410256
MX,2,18,0.5619638910256411
MX,2,19,0.5818019551282051
MX,2,20,0.5988777756410258
MX,2,21,0.6179980641025643
MX,2,22,0.6452194807692309
MX,2,23,0.6696765833333332
MX,3,0,0.6936418589743591
MX,3,1,0.7280245833333336
MX,3,2,0.7609579038461535
MX,3,3,0.7904706217948717
MX,3,4,0.7952722115384617
MX,3,5,0.731622198717949
MX,3,6,0.5837151217948717
MX,3,7,0.4148814935897433
MX,3,8,0.2882752692307691
MX,3,9,0.20725737179487175
MX,3,10,0.16574724999999998
MX,3,11,0.178378
MX,3,12,0.2426973717948718
MX,3,13,0.324421737179487
MX,3,14,0.4001020192307693
MX,3,15,0.453636628205128
MX,3,16,0.49413932051282017
MX,3,17,0.5344978846153846
MX,3,18,0.5606234423076923
MX,3,19,0.5801916217948718
MX,3,20,0.5966131410256413
MX,3,21,0.6174348846153851
MX,3,22,0.6455000192307693
MX,3,23,0.6685045769230769
MX,4,0,0.6886686730769234
MX,4,1,0.7170603269230768
MX,4,2,0.7460931089743591
MX,4,3,0.7719824294871799
MX,4,4,0.7781811089743591
MX,4,5,0.720114262820513
MX,4,6,0.5780198012820514
MX,4,7,0.4154031602564102
MX,4,8,0.28926303846153856
MX,4,9,0.20635694230769233
MX,4,10,0.16595423717948726
MX,4,11,0.17971818589743588
MX,4,12,0.24055478205128208
MX,4,13,0.32115808333333323
MX,4,14,0.3904436794871795
MX,4,15,0.447955358974359
MX,4,16,0.48524889102564106
MX,4,17,0.5230144358974361
MX,4,18,0.5523269294871798
MX,4,19,0.5727479230769226
MX,4,20,0.5861762628205126
MX,4,21,0.6093884807692309
MX,4,22,0.6386486538461542
MX,4,23,0.6580595641025642
MX,5,0,0.6780255192307694
MX,5,1,0.7030492564102567
MX,5,2,0.732896891025641
MX,5,3,0.7645410897435898
MX,5,4,0.7757214551282048
MX,5,5,0.7231702692307693
MX,5,6,0.5983236089743591
MX,5,7,0.44328841025640986
MX,5,8,0.31041047770700625
MX,5,9,0.21492895541401272
MX,5,10,0.16748469426751592
MX,5,11,0.1776833757961784
MX,5,12,0.23774061783439504
MX,5,13,0.320899050955414
MX,5,14,0.39381442675159245
MX,5,15,0.4538837388535033
MX,5,16,0.4961484649681525
MX,5,17,0.5334463439490444
MX,5,18,0.5635309745222928
MX,5,19,0.582402108280255
MX,5,20,0.5870060573248409
MX,5,21,0.6015483885350321
MX,5,22,0.6194830573248404
MX,5,23,0.6319971464968155
MX,6,0,0.6483797643312101
MX,6,1,0.6703572611464966
MX,6,2,0.6902406114649683
MX,6,3,0.7175425222929934
MX,6,4,0.7326476496815287
MX,6,5,0.7039955541401272
MX,6,6,0.6069535222929939
MX,6,7,0.4639588726114648
MX,6,8,0.33066624840764336
MX,6,9,0.23459375796178356
MX,6,10,0.17877619745222942
MX,6,11,0.16859635031847137
MX,6,12,0.21032670063694256
MX,6,13,0.29328619108280246
MX,6,14,0.3744022229299362
MX,6,15,0.43505371337579635
MX,6,16,0.48146756050955414
MX,6,17,0.521218222929936
MX,6,18,0.55885672611465
MX,6,19,0.5846103121019107
MX,6,20,0.5938852165605096
MX,6,21,0.6023201847133756
MX,6,22,0.6111131719745224
MX,6,23,0.6256463566878981
NG,0,0,0.2550918280254776
NG,0,1,0.19256461146496814
NG,0,2,0.15202862420382166
NG,0,3,0.14043907006369427
NG,0,4,0.1638297579617835
NG,0,5,0.234531974522293
NG,0,6,0.29120238216560496
NG,0,7,0.3234265350318471
NG,0,8,0.3413179171974522
NG,0,9,0.36015992993630563
NG,0,10,0.3767911910828025
NG,0,11,0.3955709044585987
NG,0,12,0.40797478343949045
NG,0,13,0.46794247133757966
NG,0,14,0.5191813885350319
NG,0,15,0.5258777770700639
NG,0,16,0.5368095159235671
NG,0,17,0.5081772993630572
NG,0,18,0.4479768025477705
NG,0,19,0.46469528662420345
NG,0,20,0.50815674522293
NG,0,21,0.4660952484076431
NG,0,22,0.37945973248407655
NG,0,23,0.3158687197452229
NG,1,0,0.2337391210191082
NG,1,1,0.17669567515923573
NG,1,2,0.1436570891719746
NG,1,3,0.13467965605095533
NG,1,4,0.16091108917197458
NG,1,5,0.23367367515923565
NG,1,6,0.29723954140127395
NG,1,7,0.35128028025477676
NG,1,8,0.3864292101910827
NG,1,9,0.40281697452229304
NG,1,10,0.409929
NG,1,11,0.41226525477707
NG,1,12,0.40534208917197484
NG,1,13,0.4042464203821658
NG,1,14,0.40068178980891717
NG,1,15,0.3938246942675158
NG,1,16,0.39489045859872596
NG,1,17,0.39690299363057324
NG,1,18,0.4103016878980892
NG,1,19,0.44841750955414017
NG,1,20,0.49504778343949074
NG,1,21,0.4555987197452228
NG,1,22,0.38250627388535013
NG,1,23,0.31749157961783425
NG,2,0,0.23568775796178337
NG,2,1,0.17965680254777067
NG,2,2,0.147487898089172
NG,2,3,0.137978796178344
NG,2,4,0.16654082802547765
NG,2,5,0.24132382802547772
NG,2,6,0.30469635668789796
NG,2,7,0.3549478717948718
NG,2,8,0.38802719871794866
NG,2,9,0.40343776923076935
NG,2,10,0.41146633974358965
NG,2,11,0.4118930192307691
NG,2,12,0.40516260897435874
NG,2,13,0.40372107051282047
NG,2,14,0.4002177243589743
NG,2,15,0.3905805512820514
NG,2,16,0.4002218974358976
NG,2,17,0.41412402564102563
NG,2,18,0.4347072948717947
NG,2,19,0.5226674615384617
NG,2,20,0.6045142884615385
NG,2,21,0.513009673076923
NG,2,22,0.3972511217948717
NG,2,23,0.3219809807692306
NG,3,0,0.2454559807692307
NG,3,1,0.1875991987179487
NG,3,2,0.15250229487179479
NG,3,3,0.1424353333333333
NG,3,4,0.1715075576923077
NG,3,5,0.24961808333333324
NG,3,6,0.30882526282051287
NG,3,7,0.35804388461538483
NG,3,8,0.390548032051282
NG,3,9,0.407071923076923
NG,3,10,0.41388885256410246
NG,3,11,0.4161852243589745
NG,3,12,0.4086761217948718
NG,3,13,0.406493846153846
NG,3,14,0.403434423076923
NG,3,15,0.39584781410256414
NG,3,16,0.396473185897436
NG,3,17,0.4106515833333332
NG,3,18,0.4410663397435897
NG,3,19,0.5481942371794875
NG,3,20,0.6297779615384608
NG,3,21,0.5334088782051284
NG,3,22,0.40133757692307703
NG,3,23,0.3274288653846155
NG,4,0,0.24673520512820518
NG,4,1,0.1886562628205128
NG,4,2,0.15650919871794863
NG,4,3,0.14785148076923071
NG,4,4,0.1749626346153846
NG,4,5,0.2513568461538463
NG,4,6,0.3111405961538462
NG,4,7,0.36111110256410245
NG,4,8,0.39010432051282024
NG,4,9,0.4028544102564103
NG,4,10,0.4106982820512818
NG,4,11,0.4149794102564101
NG,4,12,0.40710157051282037
NG,4,13,0.40506054487179466
NG,4,14,0.39664380769230756
NG,4,15,0.39372897435897425
NG,4,16,0.3934288012820513
NG,4,17,0.39668302564102564
NG,4,18,0.4189391217948719
NG,4,19,0.4715553974358974
NG,4,20,0.5154722820512823
NG,4,21,0.4659130384615383
NG,4,22,0.3868348333333334
NG,4,23,0.32263910256410266
NG,5,0,0.24357808974358974
NG,5,1,0.18586973076923072
NG,5,2,0.15453933974358977
NG,5,3,0.1458051282051282
NG,5,4,0.17358372435897423
NG,5,5,0.24952105128205132
NG,5,6,0.31170110897435904
NG,5,7,0.3593835256410257
NG,5,8,0.3911089808917195
NG,5,9,0.4031222866242038
NG,5,10,0.4094403694267516
NG,5,11,0.40783777070063676
NG,5,12,0.3892474649681531
NG,5,13,0.39339092356687916
NG,5,14,0.3944401656050954
NG,5,15,0.3912973375796178
NG,5,16,0.3963855987261146
NG,5,17,0.3956639044585988
NG,5,18,0.41504696815286624
NG,5,19,0.45933377070063713
NG,5,20,0.48145855414012756
NG,5,21,0.43846708280254787
NG,5,22,0.38160631210191076
NG,5,23,0.3271148343949045
NG,6,0,0.25143575159235665
NG,6,1,0.19439207643312092
NG,6,2,0.16038650955414005
NG,6,3,0.1485315477707006
NG,6,4,0.1720498598726114
NG,6,5,0.2434780382165604
NG,6,6,0.30594075796178366
NG,6,7,0.3419244394904458
NG,6,8,0.3679733312101911
NG,6,9,0.3874328853503183
NG,6,10,0.3995944267515923
NG,6,11,0.4311509808917197
NG,6,12,0.4740863694267514
NG,6,13,0.4940080764331208
NG,6,14,0.5040149999999998
NG,6,15,0.51686323566879
NG,6,16,0.5108291082802547
NG,6,17,0.48108169426751585
NG,6,18,0.4845789490445858
NG,6,19,0.503846
NG,6,20,0.5387170700636945
NG,6,21,0.49766145859872596
NG,6,22,0.40553402547770706
NG,6,23,0.34150176433121027
NL,0,0,0.5474083057324843
NL,0,1,0.4873345477707004
NL,0,2,0.4489289872611466
NL,0,3,0.43696973248407633
NL,0,4,0.44513898089171966
NL,0,5,0.48417459872611457
NL,0,6,0.550351076433121
NL,0,7,0.6215773312101912
NL,0,8,0.6682094012738848
NL,0,9,0.6983594458598726
NL,0,10,0.7156263439490448
NL,0,11,0.7326295350318471
NL,0,12,0.751624025477707
NL,0,13,0.7713015350318473
NL,0,14,0.7831759171974525
NL,0,15,0.7889480828025476
NL,0,16,0.7946121528662419
NL,0,17,0.8086485668789806
NL,0,18,0.8335330191082804
NL,0,19,0.8518775859872607
NL,0,20,0.8493298662420385
NL,0,21,0.7972552038216559
NL,0,22,0.6929071528662423
NL,0,23,0.5839266560509556
NL,1,0,0.5069365477707003
NL,1,1,0.45401384076433143
NL,1,2,0.427622566878981
NL,1,3,0.42681251592356684
NL,1,4,0.4541178407643314
NL,1,5,0.5091989363057323
NL,1,6,0.5768425605095541
NL,1,7,0.6373382547770697
NL,1,8,0.6745444076433125
NL,1,9,0.69800798089172
NL,1,10,0.7071186560509554
NL,1,11,0.7182962929936305
NL,1,12,0.7333836305732483
NL,1,13,0.7464000955414014
NL,1,14,0.7590442929936302
NL,1,15,0.7687062611464972
NL,1,16,0.775667694267516
NL,1,17,0.7957613439490454
NL,1,18,0.8290214140127385
NL,1,19,0.8510176305732481
NL,1,20,0.8517123248407641
NL,1,21,0.7952187898089175
NL,1,22,0.6905513885350321
NL,1,23,0.5773475668789805
NL,2,0,0.4983952675159238
NL,2,1,0.44932628025477706
NL,2,2,0.4257894012738852
NL,2,3,0.4265750828025475
NL,2,4,0.4562902738853503
NL,2,5,0.5113674522292994
NL,2,6,0.5782373885350318
NL,2,7,0.6344623653846154
NL,2,8,0.6760714102564104
NL,2,9,0.6976731923076922
NL,2,10,0.7045151346153848
NL,2,11,0.7136818269230769
NL,2,12,0.7307246025641027
NL,2,13,0.741303641025641
NL,2,14,0.7602403846153852
NL,2,15,0.7627397756410256
NL,2,16,0.7738715512820515
NL,2,17,0.797777435897436
NL,2,18,0.8303481474358978
NL,2,19,0.8524227307692306
NL,2,20,0.8595064230769228
NL,2,21,0.8009457051282047
NL,2,22,0.6867542884615384
NL,2,23,0.5718963525641022
NL,3,0,0.4959872692307691
NL,3,1,0.4489201923076921
NL,3,2,0.4261522115384611
NL,3,3,0.4288345384615384
NL,3,4,0.4570466346153845
NL,3,5,0.5157811602564103
NL,3,6,0.5818183333333331
NL,3,7,0.6383757371794871
NL,3,8,0.6769943910256411
NL,3,9,0.7011301346153846
NL,3,10,0.7040584999999994
NL,3,11,0.7120513653846151
NL,3,12,0.7340955961538462
NL,3,13,0.7430700705128206
NL,3,14,0.7592179615384619
NL,3,15,0.7655537051282051
NL,3,16,0.7735348076923081
NL,3,17,0.7982113653846157
NL,3,18,0.8278197948717949
NL,3,19,0.84670066025641
NL,3,20,0.8526078076923076
NL,3,21,0.7994385
NL,3,22,0.6940294679487179
NL,3,23,0.5827541025641026
NL,4,0,0.5067228717948717
NL,4,1,0.45553857692307714
NL,4,2,0.4299884294871795
NL,4,3,0.4295193397435898
NL,4,4,0.45533664102564103
NL,4,5,0.5147442435897438
NL,4,6,0.5767288205128208
NL,4,7,0.6353887307692304
NL,4,8,0.6730251282051282
NL,4,9,0.6926210128205127
NL,4,10,0.7029841666666667
NL,4,11,0.7161692179487179
NL,4,12,0.7258658846153844
NL,4,13,0.737169730769231
NL,4,14,0.7446502820512824
NL,4,15,0.756728391025641
NL,4,16,0.7624962692307692
NL,4,17,0.7875720576923074
NL,4,18,0.8193687756410254
NL,4,19,0.8430530833333333
NL,4,20,0.8468698397435898
NL,4,21,0.8003047948717947
NL,4,22,0.7049709423076924
NL,4,23,0.5957368141025642
NL,5,0,0.5154019807692305
NL,5,1,0.4598431474358975
NL,5,2,0.43234451923076933
NL,5,3,0.43444343589743595
NL,5,4,0.4617138974358975
NL,5,5,0.5168173141025642
NL,5,6,0.5866365705128204
NL,5,7,0.642330115384615
NL,5,8,0.677791382165605
NL,5,9,0.6908463439490445
NL,5,10,0.6973956624203826
NL,5,11,0.7090265095541403
NL,5,12,0.7207554203821658
NL,5,13,0.7301765923566883
NL,5,14,0.7391190891719747
NL,5,15,0.7463792292993627
NL,5,16,0.7467440509554135
NL,5,17,0.7583617452229298
NL,5,18,0.7814081146496814
NL,5,19,0.7999883312101913
NL,5,20,0.8001229617834396
NL,5,21,0.7724832165605096
NL,5,22,0.7023288980891718
NL,5,23,0.607438076433121
NL,6,0,0.5322914394904459
NL,6,1,0.4726489936305737
NL,6,2,0.4351336496815285
NL,6,3,0.4293361019108279
NL,6,4,0.44406977707006373
NL,6,5,0.49024570700636944
NL,6,6,0.5565129490445861
NL,6,7,0.6124672929936307
NL,6,8,0.6476864203821656
NL,6,9,0.6701446178343946
NL,6,10,0.6828246433121017
NL,6,11,0.691785350318471
NL,6,12,0.7067364904458604
NL,6,13,0.7199036560509556
NL,6,14,0.7364896114649682
NL,6,15,0.7448424968152868
NL,6,16,0.7516483439490446
NL,6,17,0.7637642229299367
NL,6,18,0.7852853439490448
NL,6,19,0.797972815286624
NL,6,20,0.8012920382165609
NL,6,21,0.7741680127388535
NL,6,22,0.7109885286624206
NL,6,23,0.6228307006369428
SG,0,0,0.47056944585987276
SG,0,1,0.5476751464968153
SG,0,2,0.6158647898089175
SG,0,3,0.6669467324840764
SG,0,4,0.7017653375796179
SG,0,5,0.739364070063694
SG,0,6,0.7624706369426747
SG,0,7,0.7741450063694264
SG,0,8,0.7702756242038218
SG,0,9,0.7609745350318471
SG,0,10,0.7385528343949046
SG,0,11,0.737841783439491
SG,0,12,0.7704058089171973
SG,0,13,0.8097207770700636
SG,0,14,0.8402166751592357
SG,0,15,0.8418103184713378
SG,0,16,0.7953073121019109
SG,0,17,0.7011401337579615
SG,0,18,0.5976883566878977
SG,0,19,0.49566066878980886
SG,0,20,0.41290537579617836
SG,0,21,0.36620387898089185
SG,0,22,0.3656356815286624
SG,0,23,0.4099276815286625
SG,1,0,0.4754058917197453
SG,1,1,0.5527854394904461
SG,1,2,0.6175070254777073
SG,1,3,0.6596090828025479
SG,1,4,0.6898718853503184
SG,1,5,0.7218069745222929
SG,1,6,0.7373357961783434
SG,1,7,0.7462227834394906
SG,1,8,0.7435604713375793
SG,1,9,0.7384580955414012
SG,1,10,0.7221810636942676
SG,1,11,0.7283093057324844
SG,1,12,0.7667202484076435
SG,1,13,0.8053344840764329
SG,1,14,0.8310294076433123
SG,1,15,0.8362959108280257
SG,1,16,0.7863739108280257
SG,1,17,0.6917888089171975
SG,1,18,0.5897643949044589
SG,1,19,0.48925743949044576
SG,1,20,0.4127873757961783
SG,1,21,0.3679612929936306
SG,1,22,0.37158622292993637
SG,1,23,0.4179067006369429
SG,2,0,0.4806575987261146
SG,2,1,0.5541793375796176
SG,2,2,0.6162637770700634
SG,2,3,0.6565251974522291
SG,2,4,0.6873605350318471
SG,2,5,0.7164511592356689
SG,2,6,0.7394247133757962
SG,2,7,0.7462850833333333
SG,2,8,0.7466714551282048
SG,2,9,0.7382782628205128
SG,2,10,0.7210160256410253
SG,2,11,0.7266406538461536
SG,2,12,0.7675847820512821
SG,2,13,0.8007309743589746
SG,2,14,0.829682352564103
SG,2,15,0.8263448525641025
SG,2,16,0.7851446282051281
SG,2,17,0.6935244807692309
SG,2,18,0.5918548141025644
SG,2,19,0.4921237243589744
SG,2,20,0.41761311538461543
SG,2,21,0.38297061538461524
SG,2,22,0.378014487179487
SG,2,23,0.41831404487179497
SG,3,0,0.4830685320512819
SG,3,1,0.5589567371794874
SG,3,2,0.6218380384615383
SG,3,3,0.6655738717948718
SG,3,4,0.6919565512820515
SG,3,5,0.7205735128205132
SG,3,6,0.7383343141025644
SG,3,7,0.7446257051282051
SG,3,8,0.7488927435897434
SG,3,9,0.7443111474358972
SG,3,10,0.7238822756410257
SG,3,11,0.7298726153846152
SG,3,12,0.7696072628205127
SG,3,13,0.8023489743589742
SG,3,14,0.8310250448717946
SG,3,15,0.8362788461538466
SG,3,16,0.7904930256410262
SG,3,17,0.6982124935897436
SG,3,18,0.5937926153846156
SG,3,19,0.4935288141025643
SG,3,20,0.4192404935897434
SG,3,21,0.37622184615384635
SG,3,22,0.37795590384615374
SG,3,23,0.42265581410256414
SG,4,0,0.4852894807692309
SG,4,1,0.5566000961538459
SG,4,2,0.6201520705128204
SG,4,3,0.6615122115384614
SG,4,4,0.6901494807692308
SG,4,5,0.7196120897435901
SG,4,6,0.7342989487179487
SG,4,7,0.7414638141025641
SG,4,8,0.7421991666666669
SG,4,9,0.7333715448717948
SG,4,10,0.7190810448717948
SG,4,11,0.7266183141025636
SG,4,12,0.7582997948717948
SG,4,13,0.7913790705128204
SG,4,14,0.8132779935897438
SG,4,15,0.8254349102564104
SG,4,16,0.7797219743589741
SG,4,17,0.6912618012820513
SG,4,18,0.5916348141025639
SG,4,19,0.4962530961538462
SG,4,20,0.42643885256410274
SG,4,21,0.38167029487179477
SG,4,22,0.38221028205128205
SG,4,23,0.4258197756410256
SG,5,0,0.4886097499999998
SG,5,1,0.557305525641026
SG,5,2,0.6190556410256406
SG,5,3,0.6656857692307694
SG,5,4,0.6893730961538462
SG,5,5,0.7158346153846152
SG,5,6,0.7396978717948719
SG,5,7,0.7422129166666667
SG,5,8,0.7419908662420381
SG,5,9,0.732099312101911
SG,5,10,0.7126322165605097
SG,5,11,0.7157076624203822
SG,5,12,0.745202082802548
SG,5,13,0.7785535477707003
SG,5,14,0.8057992356687899
SG,5,15,0.8258957834394904
SG,5,16,0.7957928662420385
SG,5,17,0.7126328407643314
SG,5,18,0.6137855414012742
SG,5,19,0.5149485350318472
SG,5,20,0.43067691082802567
SG,5,21,0.3824805668789809
SG,5,22,0.37645295541401275
SG,5,23,0.4149774522292994
SG,6,0,0.4741513694267516
SG,6,1,0.542760356687898
SG,6,2,0.6029161847133756
SG,6,3,0.6515662993630573
SG,6,4,0.6871311464968151
SG,6,5,0.7206724076433121
SG,6,6,0.7429801464968153
SG,6,7,0.7488533057324842
SG,6,8,0.7490083630573252
SG,6,9,0.7389975350318465
SG,6,10,0.7164368089171971
SG,6,11,0.712951095541401
SG,6,12,0.7458766242038216
SG,6,13,0.7849698535031844
SG,6,14,0.8175517707006371
SG,6,15,0.8312000509554135
SG,6,16,0.8041114777070064
SG,6,17,0.7248975414012738
SG,6,18,0.6309176751592357
SG,6,19,0.528211668789809
SG,6,20,0.4401841592356689
SG,6,21,0.3857179808917199
SG,6,22,0.3718474968152867
SG,6,23,0.40596782165605083
US,0,0,0.7191480636942675
US,0,1,0.7501669617834394
US,0,2,0.7732537579617833
US,0,3,0.7735395031847135
US,0,4,0.7332511847133759
US,0,5,0.6479769617834398
US,0,6,0.5691491464968153
US,0,7,0.5122857579617835
US,0,8,0.45609816560509553
US,0,9,0.41931680891719747
US,0,10,0.4090743694267517
US,0,11,0.4332334012738855
US,0,12,0.47402495541401285
US,0,13,0.5160202420382167
US,0,14,0.5621965732484075
US,0,15,0.5909860700636944
US,0,16,0.6136188980891725
US,0,17,0.634965942675159
US,0,18,0.6644862165605098
US,0,19,0.6841843566878978
US,0,20,0.7024570955414013
US,0,21,0.7129963439490442
US,0,22,0.7205008535031849
US,0,23,0.731142388535032
US,1,0,0.768932713375796
US,1,1,0.7970392356687899
US,1,2,0.8088156751592359
US,1,3,0.7745601656050954
US,1,4,0.7061023057324838
US,1,5,0.6202986305732484
US,1,6,0.5558162993630573
US,1,7,0.5043921082802547
US,1,8,0.46007836305732497
US,1,9,0.4427262484076433
US,1,10,0.4523639363057325
US,1,11,0.4914265095541401
US,1,12,0.5386172866242039
US,1,13,0.5792281783439488
US,1,14,0.6186845222929934
US,1,15,0.6413376560509556
US,1,16,0.6566415987261145
US,1,17,0.6694298089171975
US,1,18,0.6854145414012742
US,1,19,0.6962236687898087
US,1,20,0.714872439490446
US,1,21,0.7236008343949047
US,1,22,0.7287274394904459
US,1,23,0.743240898089172
US,2,0,0.7892227197452227
US,2,1,0.8273990891719744
US,2,2,0.8410922675159236
US,2,3,0.8026958917197451
US,2,4,0.7266396178343948
US,2,5,0.6312324458598724
US,2,6,0.5634816687898089
US,2,7,0.5116787243589744
US,2,8,0.4838783461538459
US,2,9,0.463476621794872
US,2,10,0.46926261538461544
US,2,11,0.5071401025641025
US,2,12,0.5550505256410255
US,2,13,0.5909316602564103
US,2,14,0.6294779615384613
US,2,15,0.6433490064102562
US,2,16,0.6624598333333335
US,2,17,0.6764378141025642
US,2,18,0.6879538269230766
US,2,19,0.6961597820512818
US,2,20,0.7167632756410257
US,2,21,0.7259609102564106
US,2,22,0.730684262820513
US,2,23,0.7479706538461538
US,3,0,0.793166519230769
US,3,1,0.8283425384615385
US,3,2,0.8434990320512818
US,3,3,0.8119989615384615
US,3,4,0.7358924743589748
US,3,5,0.643585923076923
US,3,6,0.5684254230769229
US,3,7,0.513429467948718
US,3,8,0.4755714487179486
US,3,9,0.461532108974359
US,3,10,0.4732433333333333
US,3,11,0.5116259166666667
US,3,12,0.5575556923076922
US,3,13,0.5890955320512823
US,3,14,0.6266817820512819
US,3,15,0.6428457243589742
US,3,16,0.6590190512820516
US,3,17,0.6726631153846153
US,3,18,0.6805658717948718
US,3,19,0.6875425961538463
US,3,20,0.7061420641025643
US,3,21,0.7192149038461538
US,3,22,0.7245762499999999
US,3,23,0.7400540705128206
US,4,0,0.7832798525641024
US,4,1,0.813317544871795
US,4,2,0.825324628205128
US,4,3,0.7949137499999998
US,4,4,0.723354
US,4,5,0.6348382115384616
US,4,6,0.5628205320512821
US,4,7,0.5115024743589743
US,4,8,0.4725387371794872
US,4,9,0.4555899102564104
US,4,10,0.46859567948717934
US,4,11,0.5104879999999999
US,4,12,0.5517006410256411
US,4,13,0.5875345769230768
US,4,14,0.6217037692307698
US,4,15,0.6442879423076924
US,4,16,0.654425730769231
US,4,17,0.6679761538461539
US,4,18,0.6793828910256412
US,4,19,0.691821551282051
US,4,20,0.709375782051282
US,4,21,0.7202213461538463
US,4,22,0.7246314551282053
US,4,23,0.7350617756410257
US,5,0,0.779472826923077
US,5,1,0.8103861346153848
US,5,2,0.8267115512820513
US,5,3,0.8023051987179491
US,5,4,0.734933307692308
US,5,5,0.6437143910256408
US,5,6,0.5767735833333335
US,5,7,0.5279392564102565
US,5,8,0.48225124840764305
US,5,9,0.45602527388535025
US,5,10,0.4627123503184713
US,5,11,0.5013260445859873
US,5,12,0.5454699872611467
US,5,13,0.5814492038216561
US,5,14,0.6155627324840764
US,5,15,0.6371744968152867
US,5,16,0.6509608280254779
US,5,17,0.6602356624203821
US,5,18,0.6710782420382163
US,5,19,0.682330738853503
US,5,20,0.6946039490445861
US,5,21,0.7033906050955414
US,5,22,0.703896789808917
US,5,23,0.7066177707006369
US,6,0,0.7412446114649682
US,6,1,0.7631908853503184
US,6,2,0.7714974458598722
US,6,3,0.7620381528662425
US,6,4,0.7157997197452229
US,6,5,0.6418291847133759
US,6,6,0.5767028598726115
US,6,7,0.51664027388535
US,6,8,0.4598856624203821
US,6,9,0.4256377006369426
US,6,10,0.4213427961783439
US,6,11,0.44741428662420374
US,6,12,0.4890467388535032
US,6,13,0.5233761082802544
US,6,14,0.5609384777070063
US,6,15,0.5834447834394901
US,6,16,0.6035545414012735
US,6,17,0.6177787006369422
US,6,18,0.6329600636942675
US,6,19,0.6445174076433126
US,6,20,0.6565139490445857
US,6,21,0.665184127388535
US,6,22,0.6730937770700638
US,6,23,0.6813343312101909
VN,0,0,0.3874563439490447
VN,0,1,0.477046484076433
VN,0,2,0.5615412484076434
VN,0,3,0.6257608471337578
VN,0,4,0.6695421146496816
VN,0,5,0.7880976878980893
VN,0,6,0.8309983121019107
VN,0,7,0.7984488789808917
VN,0,8,0.7462994267515921
VN,0,9,0.6925666178343948
VN,0,10,0.6413179554140129
VN,0,11,0.6437910828025476
VN,0,12,0.6818140828025476
VN,0,13,0.7634150700636947
VN,0,14,0.8372151719745221
VN,0,15,0.8853563821656049
VN,0,16,0.8448302866242039
VN,0,17,0.683377363057325
VN,0,18,0.4877624394904458
VN,0,19,0.3384940063694267
VN,0,20,0.24697511464968155
VN,0,21,0.20762624840764332
VN,0,22,0.22871273885350327
VN,0,23,0.2901085031847133
VN,1,0,0.35139173885350317
VN,1,1,0.4378238216560511
VN,1,2,0.5155493375796177
VN,1,3,0.5633423184713375
VN,1,4,0.6174003503184714
VN,1,5,0.7564568025477706
VN,1,6,0.7523764203821658
VN,1,7,0.7103304394904459
VN,1,8,0.6650610127388535
VN,1,9,0.6170720063694267
VN,1,10,0.5929842420382165
VN,1,11,0.6123950191082802
VN,1,12,0.6554352356687898
VN,1,13,0.7410413630573248
VN,1,14,0.8103050828025478
VN,1,15,0.8605434777070063
VN,1,16,0.8131487834394906
VN,1,17,0.6460393630573249
VN,1,18,0.45657082802547766
VN,1,19,0.31854297452229313
VN,1,20,0.23757062420382158
VN,1,21,0.20348605732484076
VN,1,22,0.23204267515923563
VN,1,23,0.295309694267516
VN,2,0,0.3503429872611466
VN,2,1,0.4349604713375796
VN,2,2,0.510357484076433
VN,2,3,0.556965847133758
VN,2,4,0.61529550955414
VN,2,5,0.7501945987261146
VN,2,6,0.746344433121019
VN,2,7,0.7069299166666665
VN,2,8,0.6673120256410258
VN,2,9,0.6195833782051281
VN,2,10,0.599715807692308
VN,2,11,0.6203313525641027
VN,2,12,0.6650978397435897
VN,2,13,0.7404537692307693
VN,2,14,0.8108358717948718
VN,2,15,0.8574041217948718
VN,2,16,0.8182851410256412
VN,2,17,0.6528155641025644
VN,2,18,0.4657496282051283
VN,2,19,0.3269379102564102
VN,2,20,0.24604589743589747
VN,2,21,0.21121807692307698
VN,2,22,0.23957044230769226
VN,2,23,0.3028045064102564
VN,3,0,0.3640448397435897
VN,3,1,0.45574673717948716
VN,3,2,0.5354511602564103
VN,3,3,0.5833668269230771
VN,3,4,0.6394966474358973
VN,3,5,0.7739952820512821
VN,3,6,0.7612540769230768
VN,3,7,0.7181196089743588
VN,3,8,0.6813871153846156
VN,3,9,0.6385406666666666
VN,3,10,0.6178181410256409
VN,3,11,0.6390679358974358
VN,3,12,0.6849497820512822
VN,3,13,0.7618328269230769
VN,3,14,0.8299492884615385
VN,3,15,0.8747816217948718
VN,3,16,0.8304406602564103
VN,3,17,0.6646134230769232
VN,3,18,0.46912934615384616
VN,3,19,0.32843542948717935
VN,3,20,0.24764169230769228
VN,3,21,0.21290126282051283
VN,3,22,0.23976260256410262
VN,3,23,0.3053699038461538
VN,4,0,0.36316428205128193
VN,4,1,0.4511694038461539
VN,4,2,0.5296169807692307
VN,4,3,0.5799600833333333
VN,4,4,0.6352010833333332
VN,4,5,0.7675974935897436
VN,4,6,0.7559696025641026
VN,4,7,0.7197941730769233
VN,4,8,0.6816229551282054
VN,4,9,0.6324002307692307
VN,4,10,0.6110948012820511
VN,4,11,0.6343027307692306
VN,4,12,0.675241102564103
VN,4,13,0.751855391025641
VN,4,14,0.8124523717948722
VN,4,15,0.8652220897435896
VN,4,16,0.8168282435897438
VN,4,17,0.6554950641025641
VN,4,18,0.46467067307692317
VN,4,19,0.3250717115384615
VN,4,20,0.24451733974358966
VN,4,21,0.2105783974358974
VN,4,22,0.24086122435897436
VN,4,23,0.3054410961538461
VN,5,0,0.3623526282051282
VN,5,1,0.44572200641025633
VN,5,2,0.5212892243589745
VN,5,3,0.5740300256410256
VN,5,4,0.6283214358974359
VN,5,5,0.7622932884615387
VN,5,6,0.7618999358974361
VN,5,7,0.7176985128205128
VN,5,8,0.6790521847133758
VN,5,9,0.6260004840764329
VN,5,10,0.5998639426751592
VN,5,11,0.6221545477707007
VN,5,12,0.6581294394904457
VN,5,13,0.7325340127388534
VN,5,14,0.799379407643312
VN,5,15,0.8602646942675158
VN,5,16,0.832901579617834
VN,5,17,0.6801609235668791
VN,5,18,0.49184643312101906
VN,5,19,0.3469556624203821
VN,5,20,0.25443184713375794
VN,5,21,0.21557303184713372
VN,5,22,0.2394374585987261
VN,5,23,0.30713240764331196
VN,6,0,0.37191771337579616
VN,6,1,0.4571615732484077
VN,6,2,0.5359308535031846
VN,6,3,0.5955919617834393
VN,6,4,0.6441075732484074
VN,6,5,0.767747197452229
VN,6,6,0.7965330445859873
VN,6,7,0.7577269108280256
VN,6,8,0.7146532675159236
VN,6,9,0.6665917579617834
VN,6,10,0.6266411592356688
VN,6,11,0.6365473821656051
VN,6,12,0.6722124713375796
VN,6,13,0.7486772993630572
VN,6,14,0.8245529872611466
VN,6,15,0.8918472611464967
VN,6,16,0.8746967006369433
VN,6,17,0.7362547197452229
VN,6,18,0.5461936050955414
VN,6,19,0.3853599235668791
VN,6,20,0.2789495796178344
VN,6,21,0.22812208917197446
VN,6,22,0.23785165605095543
VN,6,23,0.3039432292993632
ZA,0,0,0.2812339936305732
ZA,0,1,0.2255948853503184
ZA,0,2,0.19532233757961792
ZA,0,3,0.19609139490445865
ZA,0,4,0.26047126114649677
ZA,0,5,0.3479481273885352
ZA,0,6,0.4280758662420381
ZA,0,7,0.48534750318471354
ZA,0,8,0.5300913121019104
ZA,0,9,0.5773424840764328
ZA,0,10,0.6195916560509556
ZA,0,11,0.6594809936305737
ZA,0,12,0.6885434012738851
ZA,0,13,0.7169005414012741
ZA,0,14,0.7296447707006365
ZA,0,15,0.7265821210191082
ZA,0,16,0.7390837961783441
ZA,0,17,0.7526359299363055
ZA,0,18,0.7535043121019108
ZA,0,19,0.7376180828025476
ZA,0,20,0.6626142356687902
ZA,0,21,0.5242699171974522
ZA,0,22,0.4104550509554141
ZA,0,23,0.30595514012738845
ZA,1,0,0.23225015923566866
ZA,1,1,0.19130261783439487
ZA,1,2,0.18148726114649685
ZA,1,3,0.206109949044586
ZA,1,4,0.274161229299363
ZA,1,5,0.3565714140127387
ZA,1,6,0.4594376496815287
ZA,1,7,0.5190273503184714
ZA,1,8,0.5534024585987263
ZA,1,9,0.5875650382165605
ZA,1,10,0.6090410254777072
ZA,1,11,0.6262465031847136
ZA,1,12,0.6333574522292995
ZA,1,13,0.6444135286624204
ZA,1,14,0.6301096496815286
ZA,1,15,0.6246950509554141
ZA,1,16,0.6606169554140129
ZA,1,17,0.7081787898089171
ZA,1,18,0.747349719745223
ZA,1,19,0.7473202356687898
ZA,1,20,0.6693257898089172
ZA,1,21,0.5240471592356689
ZA,1,22,0.4052982420382165
ZA,1,23,0.3006209554140127
ZA,2,0,0.23077094904458606
ZA,2,1,0.19332212101910817
ZA,2,2,0.1881098343949044
ZA,2,3,0.21837640764331212
ZA,2,4,0.2898594713375797
ZA,2,5,0.3671952993630574
ZA,2,6,0.46790480891719755
ZA,2,7,0.5212007307692308
ZA,2,8,0.5677177243589742
ZA,2,9,0.6022727435897435
ZA,2,10,0.6173921410256411
ZA,2,11,0.6261117307692308
ZA,2,12,0.6337761217948719
ZA,2,13,0.6410967179487181
ZA,2,14,0.6275352435897437
ZA,2,15,0.6174089679487178
ZA,2,16,0.6590537756410259
ZA,2,17,0.7090521410256411
ZA,2,18,0.748689173076923
ZA,2,19,0.7607153525641025
ZA,2,20,0.6945932884615382
ZA,2,21,0.5348078076923081
ZA,2,22,0.40691493589743594
ZA,2,23,0.30202883333333314
ZA,3,0,0.2334629679487179
ZA,3,1,0.19588762179487176
ZA,3,2,0.1911702692307693
ZA,3,3,0.22383492948717942
ZA,3,4,0.29454158974359
ZA,3,5,0.37259262179487174
ZA,3,6,0.4664608653846156
ZA,3,7,0.5175055128205127
ZA,3,8,0.5531816153846156
ZA,3,9,0.5871231923076922
ZA,3,10,0.6026773717948719
ZA,3,11,0.6171313910256409
ZA,3,12,0.6306349102564106
ZA,3,13,0.6385392820512822
ZA,3,14,0.6250721474358973
ZA,3,15,0.6147841666666667
ZA,3,16,0.6515787435897433
ZA,3,17,0.704333717948718
ZA,3,18,0.745909217948718
ZA,3,19,0.7587879551282054
ZA,3,20,0.6907482115384617
ZA,3,21,0.5356250769230771
ZA,3,22,0.4063695384615386
ZA,3,23,0.3032301666666667
ZA,4,0,0.23407723717948714
ZA,4,1,0.19667466666666664
ZA,4,2,0.19230617948717957
ZA,4,3,0.2243250320512822
ZA,4,4,0.2942459487179486
ZA,4,5,0.3714215128205127
ZA,4,6,0.46387028846153866
ZA,4,7,0.5158056217948719
ZA,4,8,0.5526661153846155
ZA,4,9,0.5831245641025641
ZA,4,10,0.600799596153846
ZA,4,11,0.6152799871794874
ZA,4,12,0.619035923076923
ZA,4,13,0.6266795833333335
ZA,4,14,0.6082230833333332
ZA,4,15,0.6055228717948719
ZA,4,16,0.6389874871794873
ZA,4,17,0.6913381858974357
ZA,4,18,0.7320920320512823
ZA,4,19,0.7444590641025643
ZA,4,20,0.6789399358974356
ZA,4,21,0.5381968846153845
ZA,4,22,0.42032292948717953
ZA,4,23,0.3143140769230767
ZA,5,0,0.24408816666666658
ZA,5,1,0.20434725000000004
ZA,5,2,0.1979682820512821
ZA,5,3,0.23019121794871802
ZA,5,4,0.30009266666666673
ZA,5,5,0.37276944230769243
ZA,5,6,0.4694127115384617
ZA,5,7,0.5240894294871794
ZA,5,8,0.5567515732484073
ZA,5,9,0.5763341210191086
ZA,5,10,0.5828204012738852
ZA,5,11,0.5970841656050955
ZA,5,12,0.6163554649681527
ZA,5,13,0.622933617834395
ZA,5,14,0.6063998089171975
ZA,5,15,0.6031621974522294
ZA,5,16,0.6296658662420382
ZA,5,17,0.6733882802547769
ZA,5,18,0.7226563248407644
ZA,5,19,0.7455377388535027
ZA,5,20,0.6956411464968151
ZA,5,21,0.5807407197452227
ZA,5,22,0.4732349299363059
ZA,5,23,0.3581311719745223
ZA,6,0,0.2753354777070064
ZA,6,1,0.22407240764331204
ZA,6,2,0.20126664331210187
ZA,6,3,0.2099443885350319
ZA,6,4,0.28173142038216553
ZA,6,5,0.3690886242038216
ZA,6,6,0.4477467707006368
ZA,6,7,0.499940305732484
ZA,6,8,0.5402561146496814
ZA,6,9,0.5700681719745222
ZA,6,10,0.5951692038216562
ZA,6,11,0.6200739936305729
ZA,6,12,0.6492286624203827
ZA,6,13,0.6659216942675156
ZA,6,14,0.6748723949044587
ZA,6,15,0.6838426496815286
ZA,6,16,0.6897527006369427
ZA,6,17,0.6986464649681524
ZA,6,18,0.7302496242038217
ZA,6,19,0.735252834394904
ZA,6,20,0.6828501783439492
ZA,6,21,0.5800415159235667
ZA,6,22,0.4838985987261148
ZA,6,23,0.369073541401274
